cpu_hours,ram_gb,disk_io,net_mb,jobs_queued,temp_c,label
-1.3717,1.0574,0.2138,-2.2072,-1.7079,-0.1725,1
2.3164,-0.3766,-0.0048,-1.7556,-1.5426,1.5848,0
-0.6517,-2.7508,0.753,1.0531,-1.0333,-0.8047,0
0.0618,-0.9906,-1.0751,-2.5773,-1.0054,2.2168,0
-0.2276,1.2893,1.3586,-0.6571,1.2367,0.91,1
-0.0203,1.3116,-1.2669,-2.7553,0.8997,2.7638,1
-0.0915,-2.0306,-0.9801,-0.437,-0.1643,1.1973,0
-1.8918,3.1348,-1.1097,-3.3598,-3.4655,-1.5529,1
0.7842,-0.599,-0.1434,-0.9881,-1.0471,0.7336,0
-1.7267,-2.5101,-0.3938,1.4752,1.0216,-0.1599,1
2.2403,0.891,0.6213,-0.9888,-2.2702,-0.3321,0
-0.2202,2.8319,1.1117,-2.6056,-0.3846,0.8569,1
1.4157,0.8069,-0.6809,0.0053,-1.7055,-1.1436,0
0.4552,-1.0118,1.0602,-3.1061,-2.01,2.1207,0
-2.1263,-0.1981,1.2947,-1.3444,-2.7771,-1.5456,1
-0.6189,3.0588,0.8694,-2.8717,-0.6869,0.6272,1
-0.2216,-1.5032,0.0317,-0.9208,0.0714,1.5573,0
-1.9429,-0.5047,-0.4122,0.3821,-1.9378,-2.3716,1
-1.2408,1.2733,0.3627,-1.4571,-1.8111,-1.0313,1
-0.8128,2.4416,-0.2049,-2.346,0.8488,1.5037,0
1.6398,-1.4669,-0.2514,-1.937,-1.4803,2.0512,0
-0.5734,-2.2301,1.0995,0.4511,0.1797,0.5038,1
1.2394,0.9136,2.9048,-0.7158,-1.3588,-0.2916,0
1.1854,0.7822,-0.5249,-0.7517,-1.2305,-0.1184,0
-1.0846,-1.1367,-0.1173,0.9587,1.2349,0.1216,1
-1.567,1.5587,-0.7226,-1.9071,-1.9584,-0.9621,1
1.3433,1.6027,-0.1743,-2.5917,-0.934,1.5846,0
2.4638,0.9071,0.1994,-2.6354,-0.3779,2.8025,0
-0.3793,0.4987,0.8048,-1.3099,0.7806,1.5007,1
-0.4575,3.6372,0.3465,-2.6271,0.1993,0.8654,0
-0.4134,-0.2565,-0.3254,-0.2564,1.2166,1.1435,1
-1.7549,2.5427,-0.6254,-1.9126,-2.916,-2.2159,1
-1.5367,0.5504,-0.5186,-1.0431,-1.7327,-1.1554,1
2.686,-0.9119,0.8954,-1.1895,-1.429,1.508,0
-0.8531,1.0428,-0.8508,-0.1387,-1.1127,-1.5248,1
-0.9639,-3.0995,0.8659,1.1246,-0.4447,-0.3816,1
1.3486,1.2554,-0.9511,-1.8337,-1.0644,0.9079,0
1.7622,-0.9602,-0.6153,-1.4117,-0.9501,1.7608,0
-2.6833,-0.3589,-1.3963,3.0486,0.0801,-3.7694,1
-0.3818,-1.4995,0.0976,3.1725,-1.2974,-3.543,0
-2.131,1.1897,-1.015,0.7452,-4.0184,-5.1732,1
-0.525,1.0866,-0.6437,-2.8175,1.2999,3.0418,0
-0.6717,-2.0135,-1.0358,1.1359,0.1053,-0.3574,1
2.3969,0.0744,0.4169,-2.5458,-0.6403,2.8707,0
0.4463,-1.6772,1.2498,-0.0332,0.6385,1.4639,0
-0.5939,3.4972,0.8409,-1.2731,-0.1977,-0.7458,1
-0.5685,2.8312,-1.3939,-3.0325,-0.5311,1.0273,1
0.4884,-1.1939,-1.458,-1.1814,-0.4766,1.5199,0
0.3681,1.234,1.7071,-0.8213,1.2027,1.2972,1
2.1404,0.6954,0.8006,0.8735,-2.8388,-2.5308,0
-0.8801,0.4562,-0.4072,-2.1843,-0.7818,0.9806,1
-0.7465,-1.4573,0.2459,1.9003,-0.2951,-1.6934,1
-0.1627,-1.3208,-0.7746,-1.3704,-0.9697,1.1346,0
-1.6591,-1.1163,0.1578,2.028,-1.5574,-3.2929,1
3.1904,-1.3699,-1.4445,-0.0549,-1.6582,0.6305,0
1.5336,-0.0531,-0.0228,-2.8335,-1.3658,2.3221,0
-0.2802,-0.1404,1.8289,0.0231,2.3945,1.7733,1
3.4667,1.3563,-0.4751,-0.3288,-3.8864,-1.9602,0
0.8656,-1.5655,0.2679,0.0327,-1.6834,-0.2739,0
-1.3272,-0.8427,0.0825,3.6784,-1.3057,-4.7056,1
2.157,-0.9982,1.0433,-1.5043,-1.6233,1.5026,0
3.5987,0.5564,0.6745,0.4403,-4.062,-2.4261,0
-1.5202,-2.6339,-0.7923,0.492,0.0131,0.1592,0
2.287,0.6525,-1.5413,-0.9885,-2.2143,-0.1621,0
-1.5741,1.5107,-0.4178,-0.5634,-1.2738,-1.7258,1
-1.7093,2.4354,1.3608,-0.9091,-3.4125,-3.5077,1
-5.3526,-1.159,0.186,3.9612,2.8693,-3.1706,1
-2.9203,-0.4074,1.8023,0.9094,2.4506,0.0656,1
2.41,1.4375,0.7281,0.6362,-3.3148,-2.9028,0
-1.0228,1.741,-1.695,-0.9532,-0.9119,-0.9631,1
0.5178,3.9455,0.0051,-3.4173,-0.5136,1.3193,0
2.1339,0.7378,0.6791,-0.0322,-2.4791,-1.3945,0
2.9726,-0.2762,0.5238,-2.7492,-2.3539,2.1344,0
1.0458,-1.541,-0.0687,-1.5504,-2.0114,1.0736,0
2.6766,0.0365,0.1725,0.227,-2.8814,-1.4259,0
-1.3897,1.3598,0.1745,0.6613,-0.9346,-2.5182,1
-0.1352,3.1964,-0.6055,-1.4898,0.5494,0.3526,1
0.011,-1.7385,-0.6489,-0.651,1.8405,2.8499,1
0.4692,0.3945,-0.3745,-1.0137,-0.2833,0.768,0
-0.7493,-2.8032,0.3722,2.121,-1.0517,-1.8721,1
3.9932,-0.9211,2.3715,-0.1954,-3.7301,-0.7224,0
0.2594,-1.8125,0.0806,-0.9181,-0.2836,1.6082,0
0.3022,-1.864,2.3772,0.7494,-0.9614,-0.496,0
-0.8188,2.1749,-0.1461,-2.3062,-1.3244,-0.0835,1
2.1769,1.9089,0.8422,-0.0363,-2.888,-2.2259,0
3.0634,-1.4088,0.0837,1.4737,-1.4917,-0.761,0
2.6118,-1.2357,0.4947,-0.5861,-1.9108,0.6709,0
2.1076,0.8077,-0.5005,-1.4683,-1.8503,0.4447,0
-0.7334,2.524,-0.1215,-4.0568,-1.7616,1.1581,1
-1.1124,1.1273,1.348,-3.2555,-1.6925,0.9274,1
-3.52,-3.7849,1.2318,4.5729,-0.495,-4.4416,1
2.2687,-1.1597,0.0384,-1.1056,-2.3928,0.6405,0
0.6416,-1.2108,-0.8599,-1.1738,-0.9725,1.1982,0
-0.2891,2.4034,-1.5328,-1.1754,-0.0962,-0.144,1
-1.0865,-2.0291,1.3861,1.7746,-0.8857,-1.8919,1
-2.4205,-1.0431,-0.1596,1.8347,1.3657,-1.1852,1
0.3478,-0.5242,-1.0774,-2.1634,-0.6985,1.9445,0
-0.8328,-1.5893,-0.3281,0.7577,1.372,0.7269,1
-0.0002,-1.6095,-0.0909,1.0771,0.5664,0.1253,1
1.6677,-1.4037,-2.3491,-1.938,-1.5702,1.9648,0
-0.2047,3.7925,0.6316,-0.821,0.5524,-0.5969,1
2.1431,1.1337,-0.5543,-0.0159,-2.6086,-1.6881,0
-0.9647,-0.2737,0.2146,-0.4814,0.5233,0.6271,1
-1.8757,-0.9682,0.3141,1.6175,1.9884,-0.3215,1
1.1169,-0.3531,-0.1344,-2.4722,-0.4533,2.6491,0
1.4984,-0.8482,-0.0179,-2.7522,-1.9211,2.1683,0
1.2355,-0.7331,-0.0176,0.2321,-0.1606,0.4602,0
-1.9251,-0.8719,1.08,1.1315,3.0272,0.8862,1
-0.9168,0.3692,2.3889,-1.7375,-1.6594,-0.1023,1
-2.2427,-2.2733,0.5692,3.1558,0.9279,-2.1747,1
0.5439,-0.5428,-0.4076,-2.524,0.2835,3.1333,0
-1.7356,0.9597,-1.4499,1.2699,-1.9386,-3.8303,1
-0.8264,0.8284,0.1189,0.4051,-0.2612,-1.2918,1
0.8407,-0.8734,-1.2154,-2.5529,-1.8935,1.7553,0
1.713,-0.1395,-0.3072,-3.7416,-1.8165,2.9687,0
-1.6511,1.8007,-1.0711,-1.9862,-1.8318,-0.9313,1
-0.3664,1.727,0.1252,-3.9379,-0.2812,2.6856,1
4.4864,-1.1453,-0.0057,1.6803,-4.904,-3.1586,0
2.9705,0.1088,1.1976,-3.6065,-2.7346,2.4994,0
1.4997,0.8787,0.8657,-1.2078,-1.4571,0.2277,0
2.8802,-0.5636,-1.4454,-1.2887,-1.2934,1.623,0
1.6826,-0.4298,0.9598,-1.1139,-1.1685,1.0289,0
0.5336,1.9553,1.7289,-3.4925,0.1363,2.8118,0
0.3265,-0.3145,0.4126,-2.2944,0.3448,2.7687,0
0.2632,1.2924,1.4724,-1.0756,-0.3692,0.271,0
-2.5708,0.7195,1.6979,-1.0176,3.423,2.3049,1
2.1782,0.0297,2.1502,1.1869,-2.797,-2.4835,0
0.6531,-0.8975,1.4394,-2.6503,-1.0151,2.4639,0
-1.6206,2.8391,0.7314,-2.313,-2.3356,-1.4651,1
0.6507,3.4016,-1.0551,-3.5156,-0.4324,1.778,0
-0.6916,1.5849,0.2293,-0.9058,-0.393,-0.4124,1
0.2095,-1.0478,-1.7933,1.8173,0.6732,-0.6914,1
-0.518,-1.452,0.9615,-0.1666,0.968,1.3743,1
1.1449,-0.9824,1.4005,-1.7186,-1.3544,1.5232,0
-1.1599,1.4585,0.205,-1.1693,-1.8466,-1.3929,1
-1.1906,1.6068,-1.4056,-0.5086,-0.3896,-0.9976,1
0.3757,0.0194,-0.3949,0.5438,1.309,0.6103,1
-1.6733,0.8587,1.2763,1.7098,-2.2069,-4.3944,1
-0.794,-1.8285,-1.071,-0.2912,0.7733,1.4135,0
-1.963,1.53,0.536,-1.8536,-2.7139,-1.7327,1
2.3409,1.7902,-1.0847,-1.0321,-2.6441,-0.9516,0
-1.2104,-2.0994,-0.2495,0.8034,0.4025,0.0279,1
-1.3799,-0.8199,-0.2461,-0.1213,-1.2661,-1.0054,1
1.0896,-0.7119,-1.3054,-1.2855,-1.4225,0.9037,0
0.9617,2.1053,-0.0168,-1.3834,-1.2636,-0.222,0
-0.7415,2.2601,0.2756,-2.5038,-0.6973,0.5809,1
-2.1118,-3.3578,0.0124,1.8822,0.6586,-0.5929,1
2.1863,-0.4276,-0.2501,-1.9439,-1.5942,1.7022,0
2.1919,0.7735,1.6385,-0.7738,-2.2175,-0.4655,0
1.0516,-1.2779,0.6737,-1.5717,-1.2453,1.564,0
1.6311,-1.3033,-1.5793,-1.4795,-2.4564,0.7777,0
-0.4992,2.4078,-0.4198,-2.8294,0.2836,1.676,1
-2.2484,-3.216,0.176,1.6685,-0.1759,-1.143,1
1.2214,-1.9769,-0.9917,0.3871,0.8175,1.6263,1
2.6572,1.3565,-1.3877,-1.4807,-2.567,-0.1353,0
0.9048,0.8805,0.1469,-1.3241,-0.7759,0.6355,0
-0.8648,1.2605,2.5013,-0.3275,-0.3748,-0.8789,1
-0.181,-0.5531,-0.1099,-1.9972,-0.1051,2.0491,0
1.147,1.2181,-1.1441,-1.3601,-1.1091,0.3523,0
-0.6202,3.4597,1.1593,-2.1885,-0.1984,0.1523,0
-1.1328,1.5432,-0.2221,-3.3737,1.9563,3.6451,0
1.4012,0.6001,1.7384,0.1423,-1.7988,-1.2592,0
-0.8991,1.9471,0.0185,-2.5204,-0.6174,0.7419,1
-3.204,-0.6751,0.862,3.7492,1.1684,-3.6701,1
-1.162,2.3664,1.209,-1.4536,-1.2668,-1.0889,1
0.7036,0.7995,-1.9112,-0.2931,-0.9492,-0.5414,0
-0.4277,-1.4686,0.0786,-0.9501,-0.7409,0.8674,0
-1.1947,0.385,1.919,-0.4141,0.0893,-0.1622,1
-0.0152,-1.1979,0.7744,-1.4741,-1.4622,0.8575,0
-0.1053,-1.0598,-0.2935,-1.8045,-1.2515,1.243,0
-1.795,1.0988,1.3069,0.9182,-2.131,-3.7221,1
-0.1225,-1.9842,0.4402,0.2815,-1.4988,-0.5602,0
-1.5488,-2.974,2.4033,4.2198,-1.764,-4.6903,1
-1.6503,0.0438,-2.4457,0.4932,-1.3361,-2.1579,1
-1.5504,-1.7215,0.4549,-2.2407,-0.2188,2.2117,0
0.6735,-1.0276,-0.6966,1.1881,-0.5622,-0.8589,1
0.7084,-1.2666,-0.4914,-0.3351,-1.3408,0.1499,0
-2.5826,-3.8332,0.0468,1.9531,2.125,0.5023,1
-0.0836,-1.6476,-0.0103,2.8629,-0.8771,-2.7366,1
-0.9663,-3.3502,0.6966,0.4795,1.5192,1.8688,1
-2.2416,-0.815,0.1535,2.9522,-0.4774,-3.725,1
0.2257,-1.6796,0.3505,1.6756,0.4361,-0.439,1
1.8958,0.3249,0.046,-0.8537,-1.6909,0.1094,0
0.3326,1.0566,-1.255,-1.3981,-0.1617,0.8793,0
1.0529,1.3765,-0.5093,-1.5519,-0.9828,0.5272,0
-0.0614,-1.3459,0.0279,-1.015,-0.7338,1.0198,0
0.1144,0.8976,-0.9876,0.2626,1.6171,0.6172,1
0.7507,2.3624,2.0575,-1.3036,-1.0486,-0.3337,0
2.069,-1.1383,0.8696,-0.7228,-2.1449,0.3717,0
2.8698,-0.937,0.2965,0.6503,-2.9014,-1.3324,0
3.5135,-0.398,-1.0448,-1.2107,-1.1264,1.8416,0
-0.5722,-1.1911,1.2842,-0.9574,0.7214,1.8145,0
0.9172,1.3542,0.1136,-1.4283,-0.8703,0.4517,1
-0.4077,-1.6993,0.6803,-0.3542,-0.6095,0.5016,0
1.5851,1.2072,0.329,-1.6932,-1.3406,0.6716,0
3.1344,-0.0393,-0.0647,-0.819,-2.8586,-0.1797,0
2.6699,-1.8694,-0.6126,-0.5135,-2.786,0.2415,0
1.3269,-1.1993,0.0581,-0.3519,-1.0168,0.6207,0
0.6182,-1.5325,0.5553,-1.1665,-0.533,1.6674,0
-4.5654,-4.2134,-0.9463,2.1785,0.8365,-1.2907,1
0.997,-1.07,-1.3574,-1.5963,-1.4723,1.2972,0
1.2186,0.7014,0.0666,-0.8319,-1.2353,0.0058,0
2.7875,1.1371,-0.3353,-1.3438,-2.725,-0.2392,0
-0.8775,-1.98,-0.0738,1.8424,-0.7662,-1.8087,1
-1.9608,-1.0983,1.7591,0.858,-1.8022,-2.4651,1
-0.6534,0.2451,1.5353,0.1201,-0.0715,-0.5345,1
0.4108,-1.3622,-1.6481,-0.2022,-1.2025,0.0566,0
1.6888,0.1367,0.4811,1.5663,-2.5543,-2.9031,0
0.9074,-1.2989,-0.0783,-0.9175,-0.7348,1.2732,0
-2.4927,-2.9434,2.0573,0.5628,3.5254,2.557,1
1.8169,-1.7572,0.2765,1.288,-0.6896,-0.2812,0
-1.7961,1.2789,1.242,0.1673,-1.4356,-2.54,1
-1.7776,0.8043,-1.0288,-0.3238,-1.9619,-2.2408,1
0.3032,1.4404,2.3415,-2.4284,0.2155,1.9847,1
1.4096,0.954,0.3206,-1.0965,1.9582,2.6725,1
-3.0726,-2.004,0.189,3.2033,-3.4186,-5.9996,1
0.7095,-0.9997,-0.368,-1.0548,-0.4063,1.4461,0
-0.1762,1.0712,0.1535,-4.1336,1.2065,4.3924,1
0.7741,1.5557,0.6473,-1.1049,-0.9501,-0.0719,0
0.0407,1.7302,-1.4614,0.3721,-0.8943,-1.8283,0
0.2675,-0.4035,0.0354,-0.2392,1.3928,1.5901,1
-0.7351,-0.5976,-0.9559,2.2525,-0.3988,-2.5066,1
-1.1678,1.1606,-0.833,-1.92,-0.8556,0.2328,1
-1.731,-2.6588,-0.3191,0.1577,2.7164,2.4911,1
-0.4765,0.875,0.622,-2.4957,1.1318,2.7151,0
-0.9713,-1.1954,0.8758,2.8235,0.49,-2.196,1
0.4502,-0.9504,0.0642,-0.4388,0.2913,1.2598,0
0.1247,-1.0836,1.3744,-1.958,-0.9322,1.7366,0
-0.2017,2.0493,-0.6779,-2.4564,0.4212,1.697,0
-0.4639,3.3503,1.3438,-4.6774,-0.4639,2.4823,1
-1.7679,0.3583,-0.7692,0.4815,3.7815,1.5933,1
2.7048,1.3659,-0.1357,0.8458,-3.6684,-3.2327,0
-1.0584,-0.1643,-1.275,0.7426,0.1,-0.976,1
-0.5458,3.0411,-0.4625,-4.0688,-1.2539,1.3938,1
0.0673,-1.8589,0.5109,0.3787,0.0034,0.5136,1
1.0081,-1.1521,0.6869,-1.4754,-1.0816,1.5215,0
-1.9047,1.961,-0.0071,-1.1543,-2.5636,-2.4739,1
4.0479,-1.0746,-0.3907,1.9884,-4.5495,-3.3869,0
-1.5933,1.4428,-1.9082,0.8455,1.8994,-0.6375,1
1.376,-0.2715,1.0294,-2.1346,-1.0069,1.957,0
0.1987,-0.782,-1.3825,-2.5766,-1.1918,2.0295,0
-0.6966,2.1722,0.0237,-2.0044,-0.7212,0.1338,1
0.0805,-0.575,1.0003,-0.9641,1.4037,2.3117,1
-1.2353,-0.5551,-0.0035,1.6454,0.2793,-1.6057,1
3.0134,0.3298,0.6047,0.6325,-3.5605,-2.348,0
1.3258,0.736,-0.1799,-3.7501,0.3527,4.0921,0
-0.9783,-1.5536,-2.0668,-0.7558,0.9146,1.7777,1
-0.978,-0.4749,0.2826,1.4715,1.1424,-0.712,1
1.4701,1.0098,0.744,-0.5363,-1.6615,-0.6547,0
-0.858,-2.8835,1.2527,1.6588,-0.5718,-1.0581,1
-1.0657,0.423,-1.314,-1.7701,-1.396,0.0498,1
0.1379,-0.3767,0.3419,0.3456,0.3952,0.1927,1
-2.3244,0.2801,0.4326,-0.21,-2.5391,-2.7631,1
0.2978,-1.134,0.6423,-1.921,-1.0419,1.7058,0
0.9469,1.2217,-1.0262,-0.8292,-1.0929,-0.2305,0
-0.1469,3.2739,-0.4001,-1.6797,0.6133,0.5464,1
-0.6092,2.4788,1.177,-2.1947,-0.3967,0.4609,1
-1.6983,1.7024,0.8718,-2.4227,-2.3604,-0.8849,1
0.6694,-1.2681,1.4508,-0.0093,-0.2874,0.6271,0
1.0876,1.7634,-1.2998,-0.8345,-1.4034,-0.6588,0
1.6038,-1.9572,-2.093,0.2322,-0.2887,1.0651,0
2.2072,1.1835,1.6351,-2.5468,-1.6011,1.5519,0
1.7127,0.7836,0.8986,0.1643,-2.1606,-1.5234,0
0.0798,-0.7536,-0.0567,-0.4631,1.6659,2.1067,1
2.2901,2.4238,-1.221,-1.2685,-2.6879,-1.0656,0
0.3421,-1.5728,0.1468,-0.9594,-1.4438,0.6793,0
-3.6863,-2.3817,0.1284,3.232,1.3055,-2.4617,1
-3.5508,-3.3079,0.1511,3.099,1.8422,-1.4427,1
-1.7653,2.4328,0.3935,-0.6976,-3.2947,-3.6435,1
1.7846,-1.0088,-0.7795,-0.8397,0.3358,2.2219,0
-0.288,2.3297,-0.0592,-2.2225,0.3068,1.2195,0
-2.2826,2.1124,-1.822,-0.2814,-3.6955,-4.4073,1
-1.3805,2.1972,0.9075,-1.4925,-2.8061,-2.2387,1
-1.5279,1.291,-0.4256,-2.5788,-1.8414,-0.0802,1
-3.1299,-1.0708,-1.2952,2.7086,1.4032,-2.2662,1
-0.2722,1.8755,-1.7663,-3.5221,1.0041,3.2352,0
0.0995,0.8885,1.588,-0.9562,-0.1509,0.4453,0
-3.7439,-3.291,0.6154,1.8151,2.0468,-0.117,1
-2.0042,-2.3287,0.3808,1.4727,1.7491,0.2117,1
1.7097,-1.8192,-1.1895,-0.5753,-1.1389,1.1758,0
-0.24,3.0601,0.9985,-3.5911,-0.3123,1.7598,1
1.2947,-2.1338,-1.1498,1.268,-0.4508,-0.1053,0
0.1878,-1.3711,0.8976,-0.0392,0.9959,1.5046,1
-1.1309,-1.4494,-1.7383,0.9432,1.9348,0.8001,1
-0.891,1.1472,-0.9109,-1.9867,-1.3754,0.0107,1
-0.1883,1.5232,1.735,-1.3066,0.1249,0.5965,0
-3.0172,-1.4869,0.6805,1.7547,2.6302,-0.1609,1
-2.0851,-0.7936,0.4727,-0.104,-1.6087,-1.5672,1
0.4426,1.1972,-1.3047,-1.5788,-0.318,0.9127,0
2.139,-0.3523,0.783,0.3231,-2.2485,-1.0607,0
-1.8853,-0.4595,-0.7495,-0.4576,-0.862,-0.7266,1
-0.6817,3.1521,0.5698,-3.1021,-0.8253,0.6784,1
1.4613,-0.4081,-2.326,-1.0504,-1.083,0.9381,0
-1.8059,-1.4189,-0.6627,1.166,2.3465,0.6269,1
-1.6723,-1.7553,0.0199,3.2172,-0.005,-2.9705,1
-1.3224,0.7981,0.2935,-2.0565,-1.6982,-0.1738,1
-1.7066,0.1448,-0.5872,-0.998,-1.6892,-1.0446,1
-0.9937,0.4947,0.2802,-0.5456,-1.4148,-1.1625,1
-0.9558,0.9951,-1.3764,-2.6991,-0.6866,1.2785,1
-2.2314,-2.4563,0.6982,-0.7627,-0.3558,0.7441,0
1.1958,-0.8929,0.5951,-0.564,-0.069,1.3641,0
3.2095,-0.7462,-0.9971,-1.2086,-2.5575,0.7844,0
1.1817,-0.6137,-0.1128,-2.5326,-1.2833,2.2153,0
-0.5202,2.6595,-0.8098,-2.0838,-0.3014,0.3771,1
1.4648,-1.608,0.8298,-1.6842,-1.3728,1.8854,1
1.5831,0.9795,-0.9676,1.077,-2.4366,-2.7638,0
-1.4112,0.7078,1.3993,-0.6593,-0.6397,-0.7143,1
-3.1349,-0.1794,0.8564,1.5573,4.0336,0.4631,1
-2.2616,-0.0578,1.5595,0.5293,-2.4749,-3.2546,1
-1.2539,0.7838,0.3392,-0.3766,-0.8187,-1.1017,1
0.4822,0.0841,2.1224,-2.5038,0.444,2.9252,0
1.3326,-1.5738,0.7262,-0.7064,-0.9452,1.1951,0
0.7758,0.6353,0.2167,-0.9393,-0.6859,0.3932,0
0.5382,0.263,0.2487,-0.2352,1.2816,1.2983,1
-0.8378,-1.1803,-0.9017,1.4566,0.7326,-0.6344,1
-1.5138,-1.6863,1.2406,-0.3912,4.1209,3.7404,1
-1.1238,2.4494,-0.86,-1.1052,-1.0067,-1.2519,1
-0.7303,-1.227,0.7114,-0.2623,0.6915,1.0706,0
2.163,1.2174,0.5376,0.4775,-2.8837,-2.4107,0
0.8423,-0.2277,1.7908,-2.8631,-0.6069,2.7492,0
-0.3632,-2.4984,0.0204,2.948,-0.9174,-2.5667,1
-2.9395,-1.4417,-1.9183,0.265,2.9209,1.522,1
1.2868,-1.3896,0.8629,-0.606,-1.1061,0.8718,0
-0.8495,-2.0216,-0.3185,3.1727,-0.9049,-3.181,1
-1.6043,-2.3377,0.4796,1.5293,0.8349,-0.3883,1
-1.5248,-1.5328,0.2655,1.0553,1.0521,-0.0992,1
-2.0279,-1.4491,-0.2293,2.2427,1.2251,-1.3538,1
-1.0166,2.7095,-0.3645,-3.4718,-1.3698,0.6955,1
-3.7454,-1.6961,0.4324,3.6516,0.2467,-4.0209,1
-1.3482,0.2583,0.0732,0.8148,-1.9381,-2.9162,1
1.8735,2.232,0.047,-1.0639,-2.2758,-1.0197,0
2.4868,-0.1185,-0.3285,-0.9663,-2.1158,0.3226,0
-1.7061,0.576,-0.8802,0.9715,-2.1512,-3.5153,1
0.0417,-0.9144,0.3602,-0.3023,0.455,1.0798,1
-1.163,-0.399,-0.4917,1.4628,-1.2188,-2.6221,1
0.2967,-2.313,0.3095,-0.3305,-1.3827,0.4364,0
0.6004,-2.1413,0.2524,-0.6009,-1.3196,0.7855,0
-0.6806,2.1541,1.6377,-2.0756,0.1305,0.8715,1
-2.4584,-0.0998,-0.8677,1.2973,-3.6575,-4.9665,1
-1.5587,-0.4482,-0.2883,1.5227,-0.3087,-2.1105,1
-1.7725,0.2704,-0.0392,0.3882,-1.6445,-2.4432,1
-1.6477,0.5045,0.6522,0.1071,-1.4781,-2.1015,1
1.4012,1.0683,-1.5089,-2.2979,-0.8782,1.6089,0
-0.1165,-1.6116,-0.0811,-0.8309,-0.9243,0.7953,0
1.8651,0.5697,1.001,-0.023,-2.1089,-1.1448,1
-1.5713,2.2489,0.7675,-1.532,-2.0983,-1.7536,1
1.4935,-1.4706,0.6391,-0.5092,-0.865,1.0788,0
2.0098,0.9326,0.4971,-0.4905,-2.1636,-0.8429,0
0.1974,-1.3771,-1.0092,-0.8845,-1.0721,0.7464,0
1.5374,-0.9936,0.0757,-1.4438,-1.4121,1.3666,0
-1.0973,-2.623,1.1751,1.1274,0.4251,0.0135,0
2.81,-1.4016,0.5334,-0.1561,-2.204,0.179,0
-2.4432,-0.8761,1.2593,0.6433,2.8147,1.0021,1
-0.9309,3.3105,0.7401,-4.3465,-2.0325,0.7953,1
1.9558,-1.2235,-1.1411,-2.2331,-2.6034,1.4865,0
-2.0656,0.5436,-0.7772,1.1588,-3.4603,-4.8255,1
1.6368,-0.9006,-1.7663,-2.654,-1.8642,2.1935,0
2.4054,0.7742,0.6271,-1.2133,-2.2824,-0.006,0
-1.9827,0.5813,0.0693,1.0917,-2.1023,-3.7031,1
-0.3352,0.408,-0.6929,-2.7777,1.2939,3.3829,0
0.8104,2.05,-0.6622,-2.0289,-0.7608,0.7602,0
0.755,1.2692,1.1446,-1.7846,-0.5041,1.0567,0
-1.7671,-2.0985,-0.4724,2.6815,-0.3454,-2.5887,1
-2.0052,1.0914,-0.6797,-1.6815,-2.6382,-1.6568,1
0.6439,0.4121,-1.8016,-1.8529,-0.1595,1.7391,0
-0.8117,1.6015,-0.2657,-3.7263,0.1059,2.6639,1
2.9245,0.2375,2.3308,-0.848,-2.7154,-0.2491,0
1.682,-1.1195,-1.1904,-3.8786,-3.5101,2.2402,1
-0.6104,2.6541,-1.6217,-3.3142,-0.6736,1.2575,1
1.3269,1.0615,0.1178,-2.3437,-0.7695,1.7117,0
0.8365,0.6201,0.381,-2.3591,-0.1105,2.2478,0
-0.9611,-2.6885,0.356,1.0582,-0.0659,-0.2138,1
-3.0412,-0.5826,-2.3024,0.8664,3.5206,0.9632,1
-1.6791,-1.2565,0.3685,3.3618,-1.7402,-4.6754,1
1.2766,0.8468,-0.5767,-1.1518,-1.1887,0.3085,0
1.0773,-1.1606,-0.5443,-1.211,0.1284,2.2234,0
-0.0874,1.0737,1.0375,1.4865,0.9352,-1.2564,1
-1.0112,-0.7377,0.5731,0.4841,2.7008,1.5541,1
-1.2231,-1.205,-1.6853,-1.6166,-0.3303,1.4063,1
-0.81,1.5083,-0.6116,-3.3447,0.1299,2.3541,1
-1.7929,0.3466,1.4109,0.7592,-1.9449,-3.0781,1
1.3582,-1.0534,0.736,-0.8098,-0.3153,1.5502,0
-2.3512,-0.2199,0.2437,1.6629,2.1478,-0.7691,1
2.3669,-0.4475,1.7734,1.9047,-3.0933,-3.1186,0
-1.2774,-2.8697,0.4119,2.2164,-0.2795,-1.5436,1
-1.525,0.3393,0.5988,-1.9784,-1.3737,0.1326,1
-1.5773,0.2664,0.2371,-0.3335,-1.4804,-1.5379,1
1.7416,-0.4639,0.5714,-2.6513,-1.3657,2.413,0
-0.6694,1.5672,-0.5744,-2.7594,-1.7027,0.4038,1
0.9831,-1.1915,-0.8455,-1.3793,-0.9286,1.5538,0
1.8531,0.6297,-0.5662,-1.9491,-1.3285,1.298,0
0.4192,2.1566,-2.0683,-1.9213,-0.4885,0.6657,0
-0.6306,0.454,0.4846,-1.5406,0.247,1.2401,0
0.5326,1.1267,1.2363,-1.4457,-0.3934,0.7921,0
-2.4161,-1.763,2.3517,0.9811,1.2504,-0.1101,1
2.1732,-0.5897,-0.5225,-0.1522,-2.0547,-0.3269,0
-0.6325,0.2824,-2.3347,-0.6294,2.787,2.3809,1
-1.4352,-2.8251,0.8893,2.5816,-0.5177,-2.163,1
1.2747,-1.222,-1.9331,-0.6065,-0.8434,0.9923,0
-2.1021,-3.0366,-0.8838,3.5468,-1.5655,-4.0654,1
-0.9443,-0.8759,0.5556,-0.8849,-0.743,0.3324,1
1.1555,-1.5175,-0.0592,-0.1692,-0.5991,0.8441,0
0.9606,1.4707,0.0646,-2.2021,3.6386,4.6302,1
0.7587,-0.8776,0.1524,-1.2419,-0.4842,1.5312,0
-2.6519,-0.7123,-0.0077,2.1273,2.1725,-1.0912,1
0.5344,-2.4066,-1.15,1.0793,-0.4758,-0.1062,1
-0.9424,2.4733,-0.4747,-3.3295,-1.4632,0.6222,1
0.7545,1.2013,-0.1291,-2.0783,-0.4048,1.45,0
0.8755,0.2228,-1.1655,-0.2697,2.384,2.3258,1
-0.7542,2.4337,0.5358,-2.1752,-0.6396,0.2206,1
1.2114,-1.0804,1.4334,-1.0798,-0.7271,1.4533,0
-1.6296,-0.4023,-0.1767,0.3581,1.4555,0.3301,1
-1.7353,-0.182,0.1844,0.0373,2.5546,1.3446,1
-2.4226,-1.4138,1.5415,2.329,0.6641,-2.0358,1
0.3126,2.4219,-2.1748,-2.1528,-0.3431,0.8402,0
1.9999,-1.4082,0.1821,1.279,-2.1915,-1.516,0
-1.3605,1.0935,0.6386,-1.3793,-1.5366,-0.8595,1
-1.1926,2.0303,-0.8736,-1.897,-1.0876,-0.3768,1
0.7334,1.5344,0.7985,-3.0556,-0.0475,2.5151,0
0.5599,-1.0332,-0.615,-1.5953,0.2879,2.4635,0
-2.7524,-1.0047,0.2101,2.8136,0.9946,-2.5682,1
-0.6175,-1.0125,-0.8328,3.7487,-1.7228,-4.7447,1
1.2202,-1.5924,-1.5363,-2.0312,-1.8424,1.762,0
3.9244,-0.2963,-0.2793,1.483,-4.5247,-3.2804,1
0.456,2.9718,-1.2993,-2.1387,-0.6538,0.3901,0
-1.2453,1.0552,-0.6434,-0.0678,-2.32,-2.6766,1
0.9929,-1.756,1.5994,-0.9884,-2.5637,0.1808,0
1.4519,-0.8788,-0.5034,-1.7793,-1.6432,1.4305,0
-2.2068,0.2824,0.7256,0.0575,-2.9313,-3.281,1
-0.3819,0.8238,-0.501,-3.3971,1.1733,3.6846,1
1.1063,-0.4793,-0.6728,-1.9492,-0.6715,2.0262,0
0.8228,1.9336,1.1578,-1.2588,-1.0433,-0.1486,0
-1.5064,-0.4337,2.2233,2.5614,-0.2998,-3.1019,1
-0.1325,-1.0017,-0.086,2.207,-0.3643,-2.0196,1
2.424,-0.1665,1.0064,-0.1368,-2.4307,-0.729,0
-1.39,1.2755,1.1754,-2.5907,-1.5799,0.1921,0
-0.8253,1.8547,-0.3002,-0.1375,-0.899,-1.7242,1
-2.0523,1.1356,1.3411,1.0804,1.6429,-1.0978,1
-1.0638,1.6279,0.7538,-2.0561,-0.7223,0.2929,1
3.0831,-0.1621,-0.67,1.0912,-3.6658,-2.6231,0
-1.1035,0.3945,-1.2938,-0.8349,-1.1716,-0.6899,1
-0.1153,-1.047,-0.3832,-0.0304,0.9499,1.1959,0
1.5312,0.9103,1.5754,-3.2977,-0.5724,2.9398,0
2.2523,-1.0869,-0.5029,-0.2069,-0.5495,1.1408,1
0.7884,3.0159,-1.2875,-2.2287,-0.9422,0.3632,0
-2.0413,-0.9701,1.2229,1.3781,1.9253,-0.1993,1
-1.972,0.9095,-0.9392,-1.2504,-2.3633,-1.7693,1
1.7546,-1.6081,0.7272,-1.6298,-2.42,1.1393,0
-0.6554,2.0505,1.8944,-1.7793,0.6167,1.0135,0
0.8803,0.0297,0.808,-1.1244,-0.5034,1.0317,0
0.0835,-2.6546,-1.6188,-0.2496,-1.431,0.3959,0
-0.6235,2.2199,-0.5706,-3.1343,0.327,2.0451,1
-1.9536,0.7411,-0.1254,-0.5286,-2.5935,-2.5646,1
1.8824,0.2613,-0.1693,-0.5745,-1.8478,-0.259,0
1.8605,1.1842,-0.6726,-2.8005,-1.1684,1.9982,0
-1.2014,-0.1989,1.8984,-0.1263,2.8444,1.9385,1
1.8785,-0.7139,-0.0556,-1.6631,-2.06,1.0848,0
-1.9232,1.2829,0.6275,0.8037,-2.1051,-3.7243,1
1.5008,-0.081,-0.8434,-0.8764,-1.1661,0.5697,0
-0.3366,1.5081,0.9604,-3.7197,-0.9722,2.0544,1
-0.6131,-1.8291,2.6357,1.2168,0.6037,-0.1158,1
-2.0009,-0.4248,-0.2282,2.1268,-1.5364,-3.8215,1
0.3303,1.2486,0.8927,-1.5812,-0.1971,0.9413,0
-1.5018,1.3289,0.4009,-0.2961,-0.85,-1.5495,1
0.794,-1.1,0.7182,-1.3542,-0.5999,1.6675,0
-2.9294,-0.3714,0.6747,2.6097,3.0548,-1.1465,1
-1.7813,-0.7578,-0.9463,2.9867,0.4674,-2.8833,1
-3.4363,-1.565,-0.7488,2.2383,2.1964,-1.0895,1
-2.402,-0.9838,-0.8455,0.8932,-3.1733,-3.7735,1
-2.3153,-2.561,-0.6739,-0.4824,3.0637,3.1126,1
1.2261,-1.1839,-0.7266,-2.4659,-1.7856,2.0436,1
0.029,2.2404,-0.1647,-2.3786,0.1266,1.3955,0
0.2507,3.0668,1.0505,-2.3466,-0.3967,0.6677,0
0.6705,-0.977,-0.3578,-1.2736,-0.5903,1.4925,0
-0.5798,-0.5815,-0.5924,2.9043,-0.9305,-3.4976,1
0.34,1.5793,0.5865,-2.5922,2.5297,3.8713,1
-1.9455,2.6641,-0.267,-2.8793,-3.7012,-2.006,1
0.8574,1.1131,1.4944,-0.9386,-0.97,-0.0139,0
-1.1609,-1.2705,2.0691,0.569,1.4993,0.7364,1
2.3512,0.1698,0.7008,-0.1235,0.6658,1.4532,1
0.3978,-1.2882,2.0838,-1.3421,-0.5069,1.6619,0
-1.759,1.7831,-0.1554,0.0561,-3.2944,-4.0764,1
1.3141,-2.4357,0.8694,0.9269,-0.6751,0.2008,0
0.0253,-0.5457,-0.2311,-1.9965,-0.1937,2.056,0
-0.3719,-1.8685,0.6338,1.9871,0.9038,-0.5251,1
-0.857,1.6505,1.6493,-2.6718,-1.2393,0.5643,1
2.9151,-0.1843,0.8144,-0.12,-2.8569,-0.8765,0
-0.8649,-2.6257,-0.3153,1.3624,-0.4344,-0.785,1
-1.0322,-0.2851,-0.7403,-0.2425,2.956,2.2418,1
1.1698,-2.3887,-0.5714,0.599,-2.3463,-0.8398,0
-2.7114,-2.9968,-0.2884,2.0622,1.2648,-0.698,1
-3.8231,-1.9295,-1.1156,0.461,3.7046,1.8189,1
3.1051,0.5356,-0.5154,1.3019,-3.8711,-3.2979,0
1.1357,-1.7901,-0.4035,-0.8875,-2.6938,0.053,0
-0.419,-1.3502,-1.9418,0.8177,1.1615,0.5554,1
-1.0108,-3.3389,-0.8983,3.4223,-1.9644,-3.694,1
0.9079,-1.4785,-0.3847,-0.3958,-0.6373,0.9228,0
-0.4847,2.807,-0.0803,-1.749,0.1592,0.3504,0
3.1755,0.2965,-0.7627,-1.3133,-2.8153,0.1964,0
1.0227,-0.9207,-0.1054,-1.3403,-1.1487,1.2376,0
-2.3992,0.8106,-0.8804,0.6481,-3.7369,-4.7908,1
-1.8394,0.5339,0.3269,-1.1051,-1.7473,-1.2146,1
2.6912,0.2465,1.593,-0.1085,-2.8792,-1.1884,0
-1.1002,-0.153,-0.2043,-1.1408,-0.5209,0.3603,1
3.2622,-0.0229,-1.2694,0.5825,-3.552,-2.0356,0
0.547,-0.3156,-0.1848,-2.5693,-0.2815,2.6403,0
1.5445,-0.5282,0.4767,-2.5496,-2.2313,1.6035,0
-1.9117,-3.2511,1.7043,1.6972,-0.4675,-1.2498,1
0.022,1.6821,-0.7857,-2.4444,0.3678,1.8985,0
2.2855,0.2444,-0.5951,-3.0608,-0.7354,3.1785,0
1.254,0.2959,-0.3612,-1.609,3.0279,4.2357,1
-1.716,2.9077,0.6696,-4.5554,2.6175,4.4536,0
-1.7458,-1.9327,1.3751,2.1961,-0.7519,-2.4962,1
-1.8464,-0.3864,-0.7381,-0.8794,3.1508,2.7465,1
0.9024,-2.2157,-1.6295,-0.814,-2.2124,0.4573,0
-0.9988,0.9542,-0.2456,-1.4434,0.4061,0.897,1
2.1741,0.3974,-1.1068,-0.5471,-2.2178,-0.5206,0
-1.4724,0.8163,-1.1193,2.9452,-0.7337,-4.3701,1
-1.3691,-0.2516,0.0216,1.3084,-0.8457,-2.3319,1
2.0302,0.3925,0.4164,0.2855,-2.389,-1.5157,0
2.366,-0.6848,0.8744,-1.9714,-1.5485,1.951,0
1.0648,0.51,-0.6021,-2.0276,-0.5006,1.7635,0
1.7617,-1.4908,-1.2166,0.6538,-0.1977,0.5705,0
0.2386,3.3594,-0.167,-3.1981,-0.1022,1.584,0
1.1303,-0.908,-1.1179,-1.8928,-1.4695,1.5647,0
-2.0852,-3.8484,-1.3748,3.6919,-0.7806,-3.2248,1
-0.7817,2.5337,0.0948,-1.4726,-1.183,-0.9374,1
2.8347,-1.2033,-2.351,0.0521,-2.1631,-0.074,0
-0.6933,1.9919,-0.5415,-2.1615,-0.1469,0.8119,1
0.2507,-1.4784,-0.1007,0.9686,0.8297,0.4689,1
1.2191,0.829,1.7526,-2.1391,-0.7021,1.6298,0
1.2207,0.4353,-0.9919,0.3941,-1.6307,-1.3687,0
-0.9392,1.5892,0.0078,-2.5158,-0.803,0.7441,1
-0.5795,0.5232,-1.7849,-1.7769,-0.1329,1.1662,1
1.3688,-2.2126,0.5672,0.5516,-1.9522,-0.4958,0
-1.4234,-2.2651,0.1425,1.415,0.2419,-0.6964,1
1.0316,0.1169,-0.6385,-1.4359,-0.5713,1.3008,0
-1.7959,0.4178,0.8843,-1.9364,-2.3644,-0.8088,1
-1.4794,1.2675,1.1963,0.2247,-1.6843,-2.6604,1
2.4009,1.2918,0.1616,0.0719,-2.9642,-2.0206,0
-2.952,-0.0263,-0.8494,1.1452,2.5208,-0.2974,1
-0.446,3.5657,-0.403,-4.3234,-0.8409,1.756,1
-1.8659,-0.7035,-1.3012,2.45,-1.7475,-4.1186,1
-0.5868,2.3865,-1.3594,-3.7838,-0.0239,2.3456,1
0.8532,0.6889,1.1811,-1.301,-0.6522,0.7763,0
1.6195,1.2575,0.9814,1.1801,-2.5933,-3.0983,0
-0.3552,0.8465,1.3706,0.8611,1.6872,-0.068,1
0.2102,1.6851,1.5917,-1.9595,-0.0656,1.1642,0
-1.8378,0.6704,-0.7057,-0.7041,-2.493,-2.2396,1
-1.8546,0.1422,0.4515,-2.3791,-2.1023,-0.0723,1
2.0106,-0.6935,0.7066,-2.3571,-1.3535,2.3443,0
-1.1391,0.2198,0.2965,-0.1117,2.7306,1.6684,1
-0.7234,-0.774,-0.6292,0.9218,-0.0075,-0.8247,1
0.7156,2.5277,-0.2777,-2.6352,-0.5323,1.2703,0
-1.3196,-1.8429,0.5247,2.1616,-0.3504,-2.0325,1
1.0575,1.5379,0.5687,-2.1692,-0.7902,1.204,0
0.4726,2.116,0.5112,-0.2933,-1.1539,-1.3916,0
-1.4984,-1.4511,0.4795,0.742,1.6461,0.6345,1
-0.9475,-2.0617,-0.6563,0.41,0.3122,0.425,1
1.7085,2.6324,-0.7828,-0.9076,-2.299,-1.4368,0
-1.121,-1.5802,0.5642,-0.9122,-0.3553,0.9126,0
1.1026,-0.7692,-0.1211,-1.905,2.9989,4.933,1
0.9715,-0.3012,-1.8624,-2.8143,-0.5792,2.8062,0
0.8864,1.7944,-1.3666,-0.8589,-1.2603,-0.6164,0
-1.8203,0.2097,0.8924,1.2082,2.9618,0.3044,1
-4.5563,-1.7578,-0.3051,0.2152,4.196,2.076,1
-1.9965,1.5698,-0.352,0.5687,-2.1722,-3.7069,1
2.0399,-1.6423,0.9535,1.0705,-1.2619,-0.4763,0
-1.988,-0.2753,-1.8935,0.3639,3.9755,2.0636,1
-0.8237,-1.1298,-0.4186,-2.2143,-0.2457,2.1717,0
2.3429,-0.5596,0.8169,-2.7133,-2.0871,2.1936,0
-0.7623,0.1588,0.2544,-2.6073,0.1579,2.2958,1
-0.7643,3.1584,-0.742,-2.2863,-0.2347,0.3028,1
-0.5,0.5802,-0.5779,-0.7107,2.7466,2.3431,1
-0.4075,1.1561,-0.5321,-0.5429,0.6311,0.3262,1
-1.0755,1.6599,1.3077,-1.1028,-1.0363,-0.8959,1
0.0582,0.7904,-0.846,-1.6028,1.3935,2.29,1
0.8608,2.3901,-0.0241,-1.9028,-0.9272,0.3725,0
0.8661,1.2796,-0.2461,-0.814,-1.1154,-0.3201,0
1.6006,-2.0305,0.6031,-2.2841,0.591,4.2235,1
3.3684,-0.401,1.3681,-0.9525,-0.5705,1.9628,0
-0.113,1.655,-0.2713,-4.4049,1.3731,4.5405,0
1.0781,-0.167,-0.7742,-2.0863,-0.255,2.3253,0
-1.8032,0.0311,-0.9289,1.9068,2.4634,-0.67,1
-0.038,-0.7973,-1.5951,-1.877,-0.2227,2.0087,0
-1.778,1.0419,-0.1875,-1.0282,-2.5661,-2.128,1
1.5781,0.1464,1.0821,-0.8643,-1.3846,0.3152,0
-1.945,0.2542,-1.031,1.0949,1.8838,-0.481,1
0.3221,0.5535,0.9435,-2.4404,0.4383,2.5821,0
-0.9807,1.4435,-2.7257,-0.048,-1.0878,-1.8269,1
0.119,-2.2793,-0.1933,-0.3915,-1.1855,0.5637,0
0.8898,-1.7305,0.3676,-0.8712,-0.6072,1.5177,0
2.8531,-0.1423,-1.1024,0.4072,-3.0902,-1.6121,0
0.571,-0.5516,-0.3811,0.8953,0.6066,0.0658,1
-0.2139,-2.5155,0.2485,0.6043,-1.6283,-0.765,0
0.3073,-1.1409,-1.7519,-0.5611,-0.0781,1.1282,0
0.5003,2.0262,0.4986,-3.1272,0.0592,2.3515,0
-0.982,3.476,1.4829,-2.4945,-0.8333,-0.1831,1
1.5506,-0.7587,-0.2444,-2.8793,-2.7984,1.5974,0
1.7145,-1.2304,-0.2542,0.844,0.0768,0.4584,0
-1.4216,-0.5577,0.9861,1.3517,-2.0093,-3.1469,1
2.4278,-0.8765,-1.6978,-1.3668,-1.1678,1.7662,0
2.5815,0.9037,-1.7527,-0.9028,-2.6054,-0.5485,0
-0.8079,-0.1794,0.9153,0.2855,1.3146,0.5046,0
-0.7668,0.01,-0.3496,-0.5685,3.4114,2.8749,1
-0.4747,2.3425,-1.1448,-5.1889,0.0966,3.8696,1
0.5645,2.2238,-0.0022,-1.9929,-0.6167,0.6617,0
0.0645,-1.2947,-0.4559,-1.0747,-0.7183,1.1146,0
-1.2273,0.9712,0.5616,-1.5625,-0.4711,0.2441,1
-0.9949,1.6469,1.9242,0.3333,-1.2955,-2.4566,1
1.0899,-1.493,-0.9895,-0.0741,-0.9073,0.4785,0
-2.3948,-1.7412,-1.6233,2.9319,0.434,-2.6386,1
-1.7053,0.7287,2.1726,-0.2065,-1.8571,-2.2122,1
-0.5439,-1.3608,-0.5648,2.4787,-1.3055,-2.9993,0
-0.4995,0.5647,0.7351,-0.6616,2.797,2.3413,1
-0.3297,0.4553,0.1616,-1.0249,2.7608,2.7825,1
-0.8708,1.9198,0.9242,-1.9488,0.2466,0.872,1
0.9458,-1.469,0.6933,-1.1938,-1.6026,0.9689,0
0.4414,1.9057,1.6751,-2.5879,-0.1212,1.7206,0
-0.7316,1.3849,-0.3296,-1.2932,-0.2165,0.177,1
-1.776,-1.209,-0.2312,0.0532,2.3846,1.6549,1
-2.6309,0.0174,0.084,2.3625,2.823,-1.148,1
2.819,0.0737,0.8873,1.1453,-3.4101,-2.6887,0
0.2737,1.6329,0.3893,-0.6873,-0.5906,-0.4296,0
-2.0778,-1.5543,0.1223,3.523,-0.5205,-3.9117,1
1.6149,1.0797,-0.3347,-1.3896,-1.4689,0.3474,0
2.1413,0.3246,-0.8492,-2.535,-1.6781,1.8506,0
-2.2302,0.644,-0.0129,-1.6322,-3.4429,-2.2032,1
1.3353,-0.0854,-2.0267,-2.0159,-0.5406,2.0984,0
2.7213,-1.8357,-1.5147,1.5614,-1.0218,-0.4204,0
0.1161,-1.6574,-0.8834,-0.7217,-1.5608,0.3103,0
0.7153,-1.0311,1.4314,-2.0585,-0.6034,2.2888,0
-1.0263,2.2553,1.0646,-3.4875,-1.3252,0.9501,1
-1.0537,0.7611,1.5026,-0.5901,-0.3984,-0.4841,1
-0.7915,2.6465,0.1822,-1.7108,0.0301,0.1705,1
-2.0536,-0.6745,1.3135,-0.6542,-2.9838,-2.1299,1
1.7714,-0.0614,0.8666,-0.1845,-1.7932,-0.4911,0
-3.0794,-2.0439,0.3489,2.5125,-3.8518,-5.6437,1
2.1299,0.2135,0.6861,-3.1175,-0.9441,3.0282,0
0.4473,-0.1671,-0.3863,-3.1316,-0.103,3.2186,0
3.2066,0.2115,1.1397,-3.2099,-3.4893,1.5769,0
0.9962,1.3315,-0.9254,-0.746,-1.248,-0.4621,0
1.5076,0.2899,-0.9012,0.2817,0.5263,0.5736,1
-0.7654,0.551,0.3519,-1.3508,0.0693,0.8227,1
1.4592,0.601,-0.4403,-0.2528,-1.6569,-0.7437,0
-0.1638,-0.8876,0.2194,-2.8168,-0.3037,2.8551,0
2.5674,-0.5372,-1.6366,-1.8478,-0.9391,2.3077,0
1.3804,0.9559,0.8783,-0.0348,-1.8111,-1.2676,0
1.2371,-0.6723,-0.6827,-3.7526,-1.8855,2.9891,0
-1.1971,-0.5506,-1.1672,-0.953,-0.7884,0.1177,1
-0.1833,-1.8069,-0.3673,0.3986,0.1684,0.501,0
-0.5904,-0.1148,-1.4883,-0.2183,1.9781,1.5582,1
-2.7804,-1.9216,2.9379,2.7228,1.4394,-1.7277,1
-1.4689,0.5445,-0.427,1.0011,-1.4796,-2.9231,1
1.1838,1.7187,-0.2282,-1.6005,-1.2035,0.2981,0
0.3762,0.7111,1.0935,-2.1819,0.1984,2.0945,0
-2.4087,-0.1517,-0.7594,2.7458,1.8304,-2.1207,1
0.0217,1.5175,0.918,-0.7802,-0.3082,-0.1657,0
0.3427,-0.0473,0.2372,3.0243,-1.1447,-3.6714,1
-0.9173,2.8862,-0.8571,-2.651,1.0452,1.7073,0
0.3735,-1.2086,-0.0634,-2.3069,-0.206,2.7867,0
2.3466,1.1179,-0.2854,-1.3314,-2.2415,-0.04,0
2.9719,-0.0521,0.6441,-0.7483,-2.7695,-0.2364,0
-0.3032,-0.7639,-0.373,-1.2104,1.1427,2.2911,1
-0.3129,-1.746,0.5073,-1.3362,-1.4644,0.8593,0
1.5972,0.1644,-0.5246,-0.6984,1.0768,2.0425,1
-2.3946,0.1757,0.0994,1.0252,-2.673,-4.0479,1
-3.8597,-2.5014,0.3892,2.3503,1.4407,-1.5107,1
0.2822,-1.7387,1.502,-0.2617,-0.6548,0.6589,0
1.1473,-1.4906,-0.6101,-0.4784,-0.2305,1.4128,0
1.0019,-0.7917,-1.2994,-1.7893,-1.1459,1.6098,0
0.2946,2.2997,0.8732,-4.6846,0.8005,4.2331,0
-0.8139,1.2096,0.4866,-0.4278,0.3428,-0.1873,1
0.5146,1.9377,0.5621,-0.8604,-0.9282,-0.568,0
-0.7368,0.0922,0.7245,0.2412,1.6693,0.7225,1
-0.255,0.3435,0.0109,1.246,0.4986,-1.086,1
0.242,-1.3536,0.0618,-0.6811,-0.9877,0.6194,0
2.1571,-0.2368,-0.6772,-2.8777,-1.6351,2.4813,0
-1.5379,-1.1412,-0.3146,-0.7635,-1.4049,-0.3994,1
2.376,0.0511,-1.828,-0.7491,-2.1986,-0.0728,0
-2.8377,-0.2722,-0.622,0.8423,-3.7184,-4.6361,1
-2.9839,-1.8069,1.0665,3.2535,-0.4734,-3.8437,1
0.5845,-0.8765,0.2968,-2.5504,-1.7682,1.7524,0
0.4834,-1.4585,0.6189,0.3225,2.0403,2.1074,1
1.765,-1.9182,-0.5614,-1.0945,-2.3003,0.8564,0
0.9431,-1.8547,1.157,1.079,-0.0737,0.1056,0
-1.0752,1.5671,0.4975,-0.9531,-0.3885,-0.5014,1
-0.6134,1.192,0.2647,-0.0077,3.6025,1.9911,1
1.7083,0.2394,2.2467,-0.5743,-1.6249,-0.1446,0
-2.1843,0.6294,-1.8783,0.3688,-3.1639,-3.9134,1
-2.4829,-0.0585,0.3617,1.5176,3.4967,0.2836,1
2.0165,1.1022,-0.5886,-0.7261,-2.1355,-0.6672,0
-0.8435,-2.2545,0.1499,1.4914,0.2992,-0.5098,1
-2.3771,1.9622,-0.7608,-0.2057,-2.8473,-3.797,1
-1.7452,-2.113,-0.4927,0.5493,1.0432,0.5689,1
1.2993,-0.4003,0.4414,-0.6461,-0.9804,0.5576,0
-2.5597,-1.6962,0.0775,3.0291,1.1743,-2.2487,1
-0.2537,-1.7141,-2.0204,-1.3844,-1.161,1.1472,0
0.9201,-2.17,0.1229,-0.5638,-1.0615,1.0831,0
-2.6274,-1.4521,2.3562,1.3798,-0.0646,-1.7317,1
-1.2296,-2.2708,-0.0601,2.9241,-2.7488,-4.3854,1
-3.5331,-1.5723,-0.2717,1.6732,1.5849,-1.0424,1
-1.5324,0.7654,-1.3115,1.0114,-1.444,-3.0317,1
-3.264,1.0757,-0.0114,1.2324,-5.3352,-7.0398,1
-1.9969,0.3481,1.0531,0.7787,-2.7608,-3.8022,1
2.5227,-0.2179,0.4131,-1.9199,-0.755,2.3555,0
3.2448,0.4383,-1.147,0.3453,-3.6724,-2.1156,0
-1.2658,1.5087,0.619,-0.2796,-1.0069,-1.6783,1
-1.2178,-0.4721,0.1481,1.641,-0.4579,-2.1988,1
0.1352,1.4785,-0.9443,0.0664,-0.7836,-1.2938,1
-0.3256,2.6927,-0.3016,0.1564,3.0659,0.84,1
0.0674,2.7173,-0.3483,-1.4802,-0.4677,-0.1401,1
2.7297,-0.7063,0.5615,-1.4471,-2.3411,0.9808,0
1.0415,0.671,-2.2269,-0.1115,-1.3291,-0.8216,0
1.6049,-1.4669,0.0434,0.3371,0.0097,0.9672,1
-0.1283,2.2495,-1.068,-0.9475,4.2657,3.1155,1
-2.0192,2.9167,1.3156,-0.8451,-2.7733,-3.419,1
-0.1215,-1.964,1.0348,-0.8554,-1.0331,0.8956,0
1.9908,1.3832,0.1362,-0.2267,-2.3645,-1.4683,0
-0.8637,-0.9631,0.7557,2.1272,-0.1024,-2.0383,1
0.4645,-1.6271,0.318,0.0237,-1.5241,-0.2681,1
1.2233,-0.7584,1.4089,-1.7865,-0.5937,2.1005,0
2.358,1.419,0.3443,-1.9702,-2.1153,0.5451,0
2.1442,-0.7374,-0.3024,-2.4693,-2.0615,1.9813,0
2.5741,-0.093,0.0701,0.1305,-2.7118,-1.1815,0
-1.3269,2.348,1.3545,-2.4882,-2.461,-1.0528,1
2.5413,-0.5285,0.9677,1.8067,-3.2438,-3.0348,0
3.2836,0.6831,-0.6212,-0.7135,-3.3292,-0.9185,0
-0.1794,2.3464,0.3954,-2.2313,0.1944,1.1757,0
0.002,-1.5422,0.6447,3.2198,-1.8401,-3.8393,1
1.0791,2.098,-1.0551,-1.3226,-1.3114,-0.2697,0
0.47,1.0379,-0.5424,-1.4679,-0.3162,0.8898,0
0.5396,0.4793,1.2485,-1.2904,-0.2657,1.0389,0
-0.7664,2.0032,-0.2032,-3.5158,-1.9037,0.7487,1
-1.6308,1.5268,-0.998,-1.6573,-2.313,-1.4874,0
1.1198,-1.6699,0.8288,-0.624,-2.2543,0.0726,0
-2.1256,-0.2092,-0.4397,1.1566,1.8939,-0.3895,1
-0.9598,1.255,-0.3446,-2.0593,-1.6419,-0.199,1
-1.7343,1.9074,-0.3595,0.4339,-2.2619,-3.6992,1
1.5726,2.1867,-3.0027,-3.5293,-0.8972,2.3454,0
-1.32,-3.2591,0.1925,2.8549,-0.3338,-2.0445,1
1.4671,-1.845,-0.2421,-0.2788,-2.0777,0.0853,0
-0.5709,1.7206,0.088,-2.2491,0.1988,1.334,1
1.0352,-1.4191,-1.098,-0.7089,-1.3198,0.7251,0
0.4777,1.2558,0.0886,-0.7058,-0.7135,-0.2546,0
-2.2068,-0.1219,0.8951,0.5271,-3.1654,-3.7322,1
0.893,-0.1634,0.6417,-0.3213,-0.8604,0.0691,0
1.0845,-1.6478,-0.3094,-1.1649,-0.0045,2.303,1
-1.1672,2.7754,-0.1595,-0.8549,-1.7903,-2.2637,0
-1.1821,-1.4371,-0.7215,-0.0224,3.006,2.5377,1
-2.2611,-0.4268,0.5406,3.1914,-2.5543,-5.7383,1
2.1262,0.2887,-1.6994,0.1271,-2.4648,-1.3352,0
1.2351,-0.7207,0.8852,-1.6196,-0.7146,1.8323,0
-1.5275,3.4294,-1.4565,-2.5048,-2.532,-1.6648,1
-3.181,-0.6075,1.1116,0.7933,-4.0338,-4.808,1
2.0015,0.6769,0.9513,0.4824,-2.5376,-1.9633,0
0.7647,1.9808,0.5018,-2.2781,-0.6089,1.1337,0
-1.9723,-2.2052,0.7963,1.9431,-0.0635,-1.6828,1
-0.6342,-2.0967,-3.2586,1.2748,1.0878,0.3142,1
0.4914,-2.3571,-0.242,1.4608,-0.4327,-0.484,0
-1.61,-0.9311,-0.0658,1.0994,-2.0423,-2.8271,1
-1.363,-0.928,0.6378,2.8954,0.2356,-2.734,1
-1.6326,2.4128,-1.0201,-2.5089,-2.5015,-1.2105,1
1.6613,2.0883,0.1812,-2.4438,-1.4214,0.965,0
-1.1652,2.1976,-0.2911,-1.543,-1.4534,-1.0687,1
-0.0315,-1.5226,-0.2256,-1.0753,-0.9872,0.9767,0
-0.7825,0.7275,0.4179,0.3104,-0.4555,-1.2856,1
-1.2144,-0.4186,-0.1466,1.231,2.1422,0.1735,1
2.7431,-1.8796,-1.507,2.2113,-3.139,-2.6504,0
0.1314,2.9905,0.5637,-5.4842,0.0419,4.0494,0
-2.322,-0.7419,-0.1306,1.1513,-2.1587,-3.3264,1
0.0222,-0.3604,-0.3081,0.1711,1.955,1.5085,1
2.6236,-0.6459,-0.6886,-0.654,-2.1746,0.268,0
0.9719,1.6971,0.5717,-1.988,4.5049,4.9872,1
0.5396,0.3371,0.6583,-1.1996,-0.2386,1.0366,0
-1.2378,2.2469,1.8171,-0.648,-1.3303,-1.8962,1
-0.7298,2.7321,-0.5221,-1.3941,-0.9064,-0.8727,1
0.4494,-0.8565,0.5243,-0.8682,-0.4193,1.089,0
1.0746,0.664,0.8161,-2.7992,-0.2743,2.6217,0
2.1593,-1.2785,-0.3821,-1.8537,-1.5719,2.012,0
2.6947,0.4283,0.9329,-2.1894,0.2733,3.1764,0
1.0308,2.439,-0.1763,-3.8878,-0.3458,2.7947,0
1.5864,-0.6424,-0.8078,-2.2719,-2.0869,1.5125,0
1.0796,2.1159,-0.8233,-2.0153,-1.0856,0.5702,0
-0.4704,-1.5183,0.0958,0.0277,1.647,1.7551,1
-1.0885,-2.1043,0.3107,1.5778,0.9371,-0.2669,1
-1.1741,0.6944,-0.421,1.1744,-1.2751,-2.891,1
-0.7053,-1.9337,1.4057,0.9696,1.4334,0.7748,1
1.0451,-1.8221,0.7551,-0.6709,-2.4673,-0.004,0
0.9163,1.587,0.5665,-1.3056,-0.9626,0.1539,0
2.1625,1.1371,-2.6513,-0.0999,-2.6181,-1.6077,0
-0.7886,-0.5279,1.1681,-1.272,-0.5306,0.7722,1
0.3692,-1.7822,0.1016,-0.1363,-0.244,0.9054,0
0.3695,-1.1628,1.1409,1.7002,0.226,-0.8067,1
-1.2838,2.1714,-1.2529,-2.4359,-2.3193,-0.8973,1
2.7757,0.7369,-0.1838,0.1529,-3.1923,-1.8763,0
-1.1134,-2.2134,1.6151,0.9629,0.5422,0.0693,1
0.2607,0.7545,0.4234,-3.7939,0.9727,4.1948,1
0.7197,-1.5394,1.1904,-0.372,-0.6014,0.8831,0
-1.3017,-1.6138,0.4125,0.822,0.8173,0.0702,1
-1.9655,0.8597,0.423,0.4618,-2.0208,-3.1484,1
0.1119,1.636,-0.6357,-2.1906,0.1791,1.5621,0
-0.4715,-2.693,1.835,-0.9917,1.807,3.41,1
-0.1289,-0.8298,-0.712,-1.4698,-0.8723,1.0935,0
-2.0725,-1.2824,0.7718,0.136,1.0594,0.4771,0
1.7407,1.2974,0.2645,-0.098,-2.2163,-1.5361,0
-0.1023,-1.0673,1.5593,-0.5893,2.2769,2.7733,1
-0.03,2.1538,-0.5031,-1.5147,-0.1958,0.3238,0
1.8104,-1.3589,-0.2716,-1.2433,-1.6066,1.2944,0
-0.9472,0.0995,0.2685,-0.4256,-0.1635,-0.1193,1
0.1738,3.5003,1.0445,-3.4868,-0.0421,1.8218,0
-1.503,0.1957,0.8078,1.0028,-1.7305,-2.9703,1
-3.8152,-1.4309,0.1942,1.6945,1.9156,-0.9821,1
-0.7799,1.5075,-3.2869,-1.4523,0.542,0.8395,0
-0.8347,-0.5434,0.7632,0.4968,-0.4658,-0.9112,1
-0.4922,-2.0953,0.0848,-0.7562,-0.5954,1.0536,0
-2.1926,-0.8332,0.0985,-0.3238,2.8786,2.0693,1
0.5782,0.3786,-0.1224,-0.7546,-0.4516,0.4354,0
-1.1119,-2.9843,-0.4026,1.3018,0.626,0.1583,1
-0.468,-1.3413,-0.6684,-1.0601,0.8533,2.1247,0
-1.7941,2.5788,0.2458,0.0683,-1.8505,-3.3586,1
-0.329,1.5803,0.4643,-1.7963,0.7625,1.4829,1
1.8983,-1.3114,0.6701,-1.4029,-1.88,1.2517,0
2.4284,-0.3229,2.0549,-0.4162,-2.2559,-0.2491,0
2.2476,-0.6273,-0.1194,-2.0701,-2.2815,1.4126,0
2.112,-0.8361,-0.3401,-1.452,-2.3276,0.8192,0
-2.9456,-2.6041,-2.2954,2.0643,1.246,-0.9846,1
1.9884,0.9986,1.4226,1.2779,-2.9569,-3.2127,0
2.8953,0.0582,-0.9536,-0.7222,-2.7037,-0.2913,0
2.3574,0.1744,0.9527,-0.0398,-2.516,-1.071,0
1.5287,1.395,-0.6671,-0.8112,-1.7722,-0.6266,0
0.2327,1.0489,-0.9434,-2.3629,0.2982,2.1373,0
-1.7063,1.1909,0.0299,-1.2287,-2.2646,-1.7422,1
-0.076,2.5861,1.1475,-2.0231,-0.0742,0.6961,0
1.3091,-1.603,2.0287,0.0553,-0.6109,0.7145,0
1.9838,0.6325,0.0482,0.5712,-2.5317,-2.0316,0
-0.7276,-2.0129,-0.6108,-3.0866,-2.1055,2.0357,0
-0.0254,2.7199,1.6915,-1.8609,-0.2276,0.3783,0
3.592,-0.6675,0.3828,-1.1395,-2.2973,1.0271,0
0.9212,0.694,1.1375,-1.1149,-0.8487,0.4678,0
1.6879,-1.1957,-0.6295,-0.9651,-2.1146,0.5115,0
-1.7997,-0.1605,1.1396,0.3149,2.6818,1.1374,1
0.0737,1.0941,-1.1177,0.9726,0.4614,-1.0674,1
0.8953,-0.9935,0.1304,-1.4901,-1.6498,0.9835,0
3.644,-0.6624,-0.9542,-2.7511,-2.4848,2.4701,0
-0.6332,1.9586,0.4097,-1.1768,-0.433,-0.3286,1
-0.3469,2.0736,-0.249,1.16,3.1591,0.2104,1
1.0992,0.5114,-0.1903,0.9609,0.2521,-0.5565,1
-0.1322,2.5522,-1.0981,-3.1977,0.5889,2.3432,1
-0.7189,-2.5164,-0.564,1.9979,-0.6892,-1.5939,1
-1.5743,1.8147,0.5269,-0.6535,-1.8145,-2.1929,1
-1.3472,-0.7964,1.0843,2.0026,2.0856,-0.4986,1
0.1615,-1.0768,0.809,-2.0407,-1.1615,1.652,0
-2.1208,-0.8052,0.6667,0.149,-3.4561,-3.2403,1
1.203,0.7493,-1.0578,1.1605,-0.0605,-1.0605,1
0.293,1.9148,-0.3408,-2.1483,-0.1422,1.2154,0
-2.2007,-0.5575,-1.6162,0.8668,1.9302,0.0518,1
1.9001,1.8579,0.7631,-0.5112,-2.3484,-1.4317,0
1.4004,-1.0868,-0.7548,-1.654,-1.0869,1.8114,0
-1.1565,1.8477,0.9558,-2.0977,-0.6534,0.2498,1
-0.7586,2.9635,1.102,-3.6418,-1.0337,1.1013,1
3.5281,-0.7597,-0.7195,-0.8653,-1.3214,1.5272,0
-0.0032,-2.5556,0.1803,1.3186,-0.9758,-0.8606,0
-0.5608,0.0578,0.8609,-1.1894,-0.0838,0.8529,1
-0.7149,1.1491,-0.8727,-2.4478,-1.1022,0.7362,1
-0.5271,-2.4629,0.508,1.9804,0.2443,-0.8113,1
1.0762,0.1697,0.9078,0.2258,-1.3102,-0.892,0
2.1871,-0.2046,0.6077,-2.1873,-0.2585,2.8627,1
1.6075,-1.3084,0.2086,-0.6789,-1.1376,1.0039,0
1.905,-1.7466,0.7003,-0.3658,-1.8195,0.4906,0
0.6577,0.5248,1.6717,-1.7008,-0.1533,1.5492,0
0.9016,-1.7143,-0.104,-0.381,-0.755,0.9239,0
-1.6214,-0.4485,1.0969,0.7806,-0.9726,-1.9215,1
1.1172,-0.2923,0.1641,-3.1562,-0.4356,3.3011,0
3.9615,-2.3216,0.4878,1.5602,-3.9491,-1.969,0
-0.9883,2.4231,1.4637,-3.103,-1.3383,0.503,1
0.6486,0.2166,-0.6099,0.5569,0.7221,0.1608,1
0.0993,-1.3669,0.1402,-1.0228,-0.5857,1.2124,1
3.1087,-0.4899,-0.1007,-0.3452,-2.8885,-0.4669,0
0.2592,1.1438,-0.5596,-3.4039,0.7075,3.4319,0
-0.3682,0.837,0.8733,-1.7704,0.5503,1.6213,1
-0.2369,-1.9156,-0.3107,-1.0857,-1.3698,0.795,0
-0.604,-1.8881,0.0145,2.5855,-0.8375,-2.5247,1
2.3905,0.558,0.5411,0.3683,-2.8887,-1.9182,0
-0.8083,0.9566,0.1441,-2.7958,1.5468,3.1616,0
2.269,1.4836,-0.7992,-0.5758,-2.6507,-1.2877,0
0.7547,-0.7459,-1.2231,-0.0157,0.0678,0.6988,0
-0.0556,-2.08,1.118,-0.2049,-1.1134,0.279,0
-0.4292,2.4379,0.1782,-4.4683,1.3768,4.1245,0
-1.9039,1.1301,-2.7248,0.5953,-2.7166,-3.9133,1
2.049,-0.5181,0.5288,-1.2219,-1.2476,1.2542,0
1.4071,1.5613,-0.7621,-0.0315,-2.0817,-1.7464,0
-1.0902,-0.4979,-0.7168,1.8922,-0.2625,-2.2329,1
-1.2079,-1.1436,0.7504,3.0789,-0.8554,-3.592,1
1.5261,-1.4369,-1.6669,0.4751,-0.4344,0.4479,1
-0.0752,-2.4119,1.5933,-0.7443,-0.6063,1.3385,0
-1.1174,3.8644,-0.8223,-5.7647,2.0966,5.0209,0
1.2623,0.1951,-0.2922,0.2222,-1.5281,-0.9963,0
0.6751,1.8393,1.1276,0.6935,-1.7173,-2.5805,0
-0.8755,0.3193,-0.1085,-0.7108,-0.2144,0.0459,1
-0.3861,-1.1796,-0.067,-2.5404,-1.7542,1.5213,0
0.5312,2.3435,-0.0187,-0.7614,-1.1367,-1.0046,0
-2.7416,-0.0177,-2.6058,2.0499,-3.3332,-5.5965,1
-0.4848,1.9,-0.3253,-1.2807,0.4438,0.5296,1
0.0838,1.9746,2.754,-2.559,0.2674,1.8225,0
-2.2968,-0.4025,-0.5263,0.1492,-3.0961,-3.2165,1
-3.3751,-2.6824,1.9423,0.9026,1.3401,0.0906,1
-1.2053,-0.7735,-1.1655,2.698,0.1726,-2.6009,1
2.0563,-1.7898,0.1386,-1.6288,-1.571,1.9892,0
-0.282,2.4091,0.0744,0.0755,3.0764,1.0739,1
1.4191,2.5196,0.4775,-1.7558,-1.6162,-0.1455,0
-0.4302,1.5548,-1.608,-2.6639,0.4405,2.0536,1
4.1487,-1.1158,-1.0825,2.231,-4.7954,-3.7544,0
-0.5395,2.3155,1.5039,-4.3273,0.1122,3.0302,1
-1.1949,0.9738,0.7783,-0.6505,-1.0723,-1.0945,1
1.1623,1.7273,0.2958,-1.3173,-1.2832,-0.0511,0
2.0229,-1.2329,1.9277,-2.3588,-0.9394,2.9164,1
2.4444,1.1205,-1.673,1.6724,-3.6305,-3.9955,0
-4.0322,-1.8132,-1.3726,3.1994,1.0539,-3.0166,1
-1.9903,-1.3319,0.5539,2.2294,1.1761,-1.4179,1
1.0794,1.2794,-1.1687,-0.5008,-1.3604,-0.7315,0
1.7689,-0.4236,0.7676,-2.2923,-0.9337,2.387,0
0.4657,-2.2381,-1.3969,-0.2756,-1.6237,0.2282,0
0.7281,-1.3973,0.5424,-0.6858,0.1802,1.7268,0
-0.3951,1.7162,1.0273,-0.2643,-0.2927,-0.907,1
1.2597,1.5795,-0.1136,-1.6753,-1.1494,0.5055,0
0.2647,2.5873,0.8297,-5.0006,1.4055,4.8618,1
0.5346,-1.1655,-0.2471,-0.821,-0.4968,1.1581,0
2.121,0.8726,2.811,0.2971,1.5246,1.292,1
0.327,0.4248,0.9014,-0.2788,-0.4491,-0.1433,0
0.5713,3.3911,-0.0537,-4.3691,1.1201,3.7757,1
-2.7233,-1.3864,1.2375,2.4075,0.7776,-2.1527,1
1.164,-1.4705,-0.3207,-0.351,-0.7813,0.8629,1
0.8995,1.0288,1.9219,-2.6587,-0.242,2.2751,0
-0.6841,1.3201,-0.4577,-2.7431,-0.3278,1.5515,1
-0.7907,1.9192,0.8678,-1.1501,2.6068,1.9373,1
0.1521,1.9167,-0.737,-1.0655,-0.471,-0.1463,0
1.317,-0.7218,0.3937,1.0558,-1.6199,-1.4364,0
-1.5612,0.3447,-2.4401,0.0868,3.1001,1.5399,1
-2.3973,-1.2844,0.1804,-0.5807,4.2872,3.5299,1
-2.2676,-0.5234,-0.2606,1.5785,1.8287,-0.7605,1
-0.5346,3.2369,-0.2245,-2.0278,-0.4903,-0.0932,1
0.7024,-3.443,0.5825,0.9599,-0.2121,0.7528,1
-0.6674,1.1361,-0.119,-1.2343,-1.1082,-0.4261,1
3.5462,0.4281,1.3723,0.5776,-3.9915,-2.4668,0
2.0403,-0.6248,-0.7288,-0.9319,-1.5347,0.797,0
1.2418,-1.0336,0.2589,-0.9211,-1.7316,0.5176,0
0.0135,4.225,0.1798,-3.8513,-0.3961,1.5108,1
0.8626,-1.643,-1.4106,-0.6361,0.0866,1.7708,0
1.7114,-0.0736,0.3413,-4.3588,-1.583,3.7183,0
-1.3384,1.4912,-0.1696,-0.6439,-2.4414,-2.4447,1
-1.7434,-2.4701,1.3438,1.132,0.8834,0.0435,1
-2.5715,-2.4877,0.5883,4.1304,-2.631,-5.8837,1
-2.0553,0.3806,0.2667,0.0025,-3.4011,-3.5751,1
-1.7967,-1.1438,-0.2084,0.9326,2.1632,0.5906,1
0.681,2.492,0.0682,-1.2947,-1.0418,-0.4233,0
0.0021,-1.1001,2.0051,-0.8609,-0.1772,1.2086,0
-1.0791,1.4431,-0.3137,-1.5416,-0.9712,-0.3202,1
-3.3176,-1.3827,1.2666,2.3175,1.4938,-1.7444,1
0.5301,1.1365,1.2231,0.8334,-1.3487,-2.1664,0
-0.8428,0.5889,0.3287,0.533,2.022,0.4403,1
-1.0831,1.1924,0.4514,-1.4452,-0.1353,0.3413,1
-1.3018,3.9673,-0.144,-2.1279,-2.4502,-2.1298,1
-0.9068,1.3896,-0.3138,-2.0386,-0.7597,0.4166,1
-0.7502,1.4055,0.3176,-2.1702,-0.186,1.0379,1
-2.5472,-2.4405,-0.994,1.7389,1.7316,-0.2176,1
1.3431,-1.9318,0.9844,-0.665,-2.081,0.4513,0
-0.9672,-1.2363,1.3062,-0.9141,2.0846,2.6886,1
-2.0559,-1.7614,1.0335,0.8412,3.3942,1.8093,1
-0.1362,2.5588,0.6162,-3.0591,0.4347,2.0853,0
-1.2074,0.3231,0.7486,0.9005,0.0818,-1.4246,1
-1.2488,0.5908,0.1711,0.0354,-1.3234,-1.7998,1
-0.6448,-1.7517,0.3186,0.4,1.045,0.9709,1
-1.1571,1.5015,-1.4503,-2.4679,-0.5712,0.8322,1
-0.621,0.648,-1.6198,-0.376,0.3138,0.0718,1
1.9506,-1.0928,-0.0303,-0.5366,-1.1154,0.9146,0
1.1094,1.5606,-1.3491,0.2347,-1.7983,-1.9017,0
-0.8877,2.2378,-0.6265,-1.9355,-0.5572,0.0893,1
-0.7659,1.2755,-0.3356,-1.4351,-0.8973,-0.1704,1
3.4919,-1.0589,-1.8614,-1.6644,-2.2595,1.7088,0
-1.6055,-2.2516,0.0967,2.304,-0.8363,-2.4659,1
-2.0602,-0.7731,-1.2793,0.9783,2.6128,0.6202,1
-0.2685,1.2215,0.5629,-3.0181,-0.7741,1.6809,1
2.0605,0.002,0.1498,-4.0203,-2.8831,2.4892,0
1.9219,-1.719,-0.7959,-0.7804,-1.1044,1.4372,0
0.6197,-1.69,-2.1913,0.405,0.301,0.8502,0
0.2289,2.2961,0.0755,-1.9728,1.1347,1.8253,1
-1.3318,0.3196,-0.6185,0.2892,-1.1365,-1.8107,1
0.0898,2.0623,-0.9608,-3.3734,0.5571,2.7999,1
-0.6494,-2.1497,-0.9795,0.0413,-1.1534,-0.1867,0
0.6575,2.6651,0.0361,-1.3804,-1.1243,-0.4917,0
3.7606,-0.7453,0.1766,-1.8322,-2.8152,1.4043,0
-2.4634,-2.1052,0.8115,3.0517,0.6789,-2.4262,1
2.7041,0.1727,-0.1531,-5.0058,-2.4191,3.9731,0
1.9391,-0.3394,-0.457,-2.4125,-1.7093,1.9351,0
-0.7934,1.0884,-0.3892,-3.7588,-0.9624,2.118,1
0.6673,1.3956,-1.5953,-1.0885,-0.7506,0.098,0
0.4417,-0.5692,-1.965,-2.4769,-0.7356,2.2779,0
0.0917,-2.2581,-0.0512,-0.9634,-3.0023,-0.2945,0
-0.736,0.1568,0.9396,1.491,-0.1112,-1.891,1
0.6475,0.874,-0.2607,-0.2818,-0.8542,-0.5352,0
-0.5121,2.8105,0.0273,-4.2051,0.3754,2.8964,1
-3.6574,-1.977,-1.0311,3.1734,1.9257,-2.1033,1
-2.982,-1.8244,0.6778,0.9283,2.4354,0.6628,1
-2.274,1.9554,1.1753,-1.2305,-2.742,-2.6754,1
0.9339,-1.5935,-0.4484,-1.7493,-2.6622,0.7491,0
0.2959,-1.9579,1.0192,-1.0284,-1.7264,0.6887,0
0.4062,-2.7839,-1.3127,2.3135,-1.2434,-1.7733,1
-1.6676,1.3106,-0.871,-0.8519,-1.4954,-1.5588,1
1.99,-0.2409,0.373,-2.8387,-1.4115,2.553,0
-1.6851,-2.5664,-0.9427,2.1384,0.2655,-1.3445,1
-0.1213,-2.5621,-1.7106,-0.175,0.4917,1.6785,0
-1.5451,-0.9207,-0.8383,0.3506,-1.9899,-2.0376,1
-2.458,-1.5317,-2.5339,0.666,2.508,1.0402,1
-1.662,-0.986,0.9509,1.8526,1.4896,-0.8435,1
-2.6259,-0.8755,0.3937,0.4432,3.8485,1.9206,1
1.3659,-1.3263,-0.8763,-1.3391,-2.4645,0.5439,0
-0.0316,-1.8111,0.0033,-0.2715,0.0653,1.1344,0
-0.4253,0.6482,1.8538,-2.3692,0.1733,1.9798,1
0.4393,-1.1507,2.1757,-1.6363,0.5272,2.6951,0
0.7587,-1.0904,1.6407,-1.9075,-1.8408,1.2356,0
-1.3036,0.9039,0.3567,-1.2616,-3.2308,-2.1661,1
-0.7687,0.6949,1.0183,0.3716,2.2626,0.7619,1
0.9247,-2.7916,-0.1876,0.5864,-1.9963,-0.4675,0
-2.1273,-1.9615,-0.2243,3.3596,-0.7387,-3.7519,1
-1.3182,0.6078,2.1559,-0.7453,-1.8069,-1.4451,1
-2.4269,0.5534,0.3718,0.5272,2.8864,0.5197,1
2.4092,0.2315,-0.6924,-1.7466,-1.8402,1.1036,0
-0.8263,-1.7583,0.7891,0.9504,0.5868,0.0165,1
-0.8393,2.6932,-0.8196,-4.6528,-1.0666,2.1538,1
-1.8237,-2.9475,0.8718,2.7418,-0.5266,-2.4183,1
1.7084,0.0361,-0.7612,-2.3849,-0.7309,2.3986,0
-1.578,0.1702,0.9425,-1.225,-2.6037,-1.4882,1
1.8318,-0.5903,-2.2355,-2.3135,-1.4672,2.0987,0
1.0491,-1.3663,-1.3039,0.1329,1.0085,1.674,1
0.8687,1.7217,-0.9871,-1.8111,-0.761,0.721,0
-1.0837,0.7912,2.0683,-0.1365,-0.5794,-1.0901,1
-2.8977,-2.8412,0.4824,3.1301,-0.2909,-3.0753,1
0.8919,-1.1808,1.5843,-0.0857,0.1689,1.0968,0
-1.5199,-1.8986,-0.0028,0.8718,0.5737,-0.1179,1
-1.2191,1.345,0.5153,-3.007,-1.5217,0.6756,1
0.931,-1.3259,0.7356,0.1881,0.2501,0.9742,0
-3.0165,-0.4101,0.2013,3.6613,1.4647,-3.407,1
-2.0196,-0.52,0.2255,0.5238,2.499,0.8747,1
2.0821,2.7677,-0.8129,-0.8629,-2.7332,-1.7329,0
0.1001,-1.1607,-0.5252,-0.9799,0.0694,1.5791,1
0.1616,1.4415,-0.9797,-2.3165,0.2065,1.8141,0
0.0348,-1.8059,0.3178,-0.621,-0.07,1.394,0
-3.0636,-1.3698,1.6856,0.1929,3.6398,2.0637,1
1.8968,-0.8211,1.4433,-1.0178,-0.4282,1.7655,1
-2.765,-0.8433,-0.5288,1.9913,2.3828,-0.7804,1
-2.2679,-0.9239,1.7938,2.8971,0.2636,-3.0624,1
0.8618,-1.5166,1.0344,-0.6909,-2.2385,-0.0194,0
-1.7739,-2.4127,0.2963,0.6892,1.3485,0.7937,1
-1.9848,-0.268,0.2006,2.7467,1.1504,-2.4281,1
-0.034,-2.1216,-0.7719,-0.5808,-1.597,0.3011,0
0.594,3.1509,1.7484,-2.7428,2.6306,3.4706,1
2.0447,-0.6879,-0.1788,-2.0171,-2.0939,1.4552,0
3.7348,-0.0296,0.6164,-1.8377,-1.9318,1.7493,0
0.8889,-1.3374,1.9817,0.6235,-0.8176,-0.2804,0
-1.5863,-0.8924,0.3985,-0.4426,-0.9082,-0.4633,1
-0.989,1.5082,1.0142,-2.0857,-0.3886,0.6615,1
-2.1996,-0.0865,-2.4781,1.5383,-2.1803,-3.9742,1
1.0137,-1.2413,0.0824,-0.7761,-0.362,1.436,0
-0.2184,-1.3871,-0.1941,-2.2343,-0.8568,2.0717,0
1.9224,-1.7594,-2.032,0.5704,-1.9032,-0.4728,0
1.5303,0.9855,-0.4778,-1.0759,-1.5607,-0.0177,0
-1.1185,0.9241,1.1454,-1.1776,-1.0744,-0.5306,1
-1.6281,1.0557,-0.4519,0.1166,-2.2811,-2.973,1
-1.1802,2.2588,-0.4806,-4.4004,-1.9846,1.2723,1
0.7992,1.2633,0.4007,-1.1255,-0.8392,0.1772,0
0.269,-0.0668,-0.0165,-0.3183,-0.1526,0.3264,0
-1.6807,0.7123,0.0391,1.4252,1.7172,-1.04,1
-1.5997,-1.7709,1.0755,2.9175,-0.2869,-2.8602,1
2.8035,0.1688,-0.3677,-1.8706,-2.1756,1.1465,0
3.3913,-0.7711,0.5046,0.6179,-3.5303,-1.6603,0
2.5581,-0.655,0.2007,-1.6488,-0.8295,2.2487,0
0.3949,-1.6464,0.9531,0.0321,-0.9644,0.1357,0
-1.6387,-2.2722,-1.7231,1.552,1.2326,-0.1483,1
1.7214,-1.1087,-0.1205,-0.0267,-0.3946,0.8911,0
0.5613,4.2668,-0.0654,-5.3359,1.0934,4.2907,1
0.7184,1.6329,0.6773,-1.4781,-0.7817,0.3641,0
-1.6205,-1.7774,-0.8229,1.3213,1.1615,-0.1986,1
-0.1586,1.2456,-0.22,-2.3256,0.6497,2.1307,0
-1.5478,-1.8317,0.0492,0.472,1.6009,1.0187,1
0.1687,2.2901,-0.3461,-2.5081,0.0047,1.4586,0
1.2365,-1.5225,-0.7977,-0.2926,-1.4908,0.313,0
2.0095,1.1799,0.0836,-0.6431,-2.236,-0.8635,0
2.3702,-0.4851,-1.4864,-1.1301,0.3014,2.4619,0
1.2048,-0.6876,1.1354,-0.4155,-0.1908,1.0351,0
-3.4535,-2.7465,-0.3377,3.901,-0.5837,-4.307,1
0.7437,3.4613,2.1388,-2.7076,-0.8489,0.6795,0
-0.2105,-1.9103,-0.0845,1.2821,-0.2398,-0.6356,1
-1.2761,0.3737,2.6121,1.0221,1.8605,-0.2269,1
-1.1118,2.3743,0.2403,-1.3468,-0.4652,-0.5617,1
1.2377,1.1474,2.0891,-0.708,-1.4801,-0.5004,0
1.1486,-0.9011,0.2248,2.0719,-0.3851,-1.4599,1
-2.5152,-2.2957,-0.2313,3.6743,0.4833,-3.1151,1
1.5567,2.2668,-1.9095,-1.1068,-1.9531,-0.8674,0
-1.5859,1.4655,-0.5195,-1.4735,-2.6682,-1.8938,1
1.6528,0.4761,0.9381,-1.0901,-1.4814,0.3379,0
-1.0531,4.222,-0.323,-3.9615,1.2137,2.4473,0
-2.2433,-2.1414,-0.4015,1.1472,1.8512,0.4294,1
1.8259,-1.7363,1.2494,-0.1702,-1.714,0.3461,0
-0.783,-3.1946,0.5643,3.0911,-0.4007,-2.15,1
-0.0581,0.256,2.1063,-0.6902,0.1752,0.6669,0
1.4207,-1.5057,-0.1003,-0.0031,-0.7441,0.6671,0
0.8132,1.5851,0.1781,-1.0774,-0.9856,-0.1245,0
0.3524,1.9896,-0.1949,-2.2711,-0.1946,1.2831,0
-2.0431,-1.8418,-0.4853,1.2702,0.7311,-0.6114,1
-1.3253,0.976,-1.6649,-1.9394,-1.8523,-0.489,1
1.4048,0.5622,0.4756,-0.2225,-1.6565,-0.7759,0
-1.9385,-1.5703,-0.5893,1.6317,3.3528,0.9648,1
1.1685,-1.9542,-0.3434,-0.1988,-2.9587,-0.7331,0
0.8876,0.6219,0.3288,1.424,-1.8208,-2.7308,0
-3.0329,-2.5736,-0.4217,1.4223,1.1909,-0.4491,1
-1.1077,-0.3448,0.3452,0.8739,1.9677,0.3943,1
2.4029,0.4328,0.8639,-1.0718,-2.193,0.0807,0
0.4921,-1.9665,0.7841,0.7356,-0.4634,0.0196,0
-0.1235,2.056,0.4713,-3.5732,0.9392,3.2092,0
-1.2722,2.4611,-1.031,-0.9931,-1.7869,-2.0224,1
1.0281,-1.2949,-0.7038,-0.9546,-0.7402,1.3497,0
-3.5832,-2.3107,-1.1621,2.5856,2.5589,-0.8629,1
-2.8116,-4.0621,-0.8644,1.1338,0.9441,0.411,1
2.1519,0.2677,-0.2158,-0.744,-2.0476,-0.1471,0
-1.0647,-2.0835,1.5588,1.2282,-0.7333,-1.2093,1
0.9384,-1.9447,0.5588,-0.0955,-0.9451,0.6199,0
2.7604,-0.7039,0.1365,-0.3399,-2.4903,-0.2013,0
-1.6951,1.2056,0.656,-1.8883,-1.8279,-0.7671,0
0.1214,-1.8889,-0.1691,2.666,-2.6288,-3.7005,1
-1.4433,0.3299,0.3639,-0.0718,-0.8925,-1.3193,1
0.4542,-0.261,0.7441,-2.3526,0.6048,3.0492,0
1.9957,0.6758,0.4166,-0.6523,-2.0515,-0.4866,0
0.5353,-1.9762,1.2137,0.5265,-0.7268,0.042,0
-1.1607,2.7311,-0.3792,-3.3086,1.495,2.6712,0
-2.0824,-1.2618,0.8955,3.6782,0.4219,-3.4754,1
-1.0213,-1.4696,0.5885,1.7757,0.6362,-0.9565,1
1.4693,-1.3668,0.4518,-0.3188,-0.6208,1.0239,0
-0.8463,1.5577,0.0511,-3.0755,1.5229,3.125,0
-0.3929,0.6452,0.5508,0.7383,2.2614,0.5705,1
2.9266,1.0081,-2.899,-0.3079,-3.2238,-1.5186,0
-1.5605,-1.2812,-1.9046,1.2928,0.5653,-0.8336,1
-0.8921,1.7344,-1.3817,-1.6386,0.3496,0.726,1
-2.2931,1.0388,1.102,-2.0994,-3.6013,-2.0752,1
-1.0095,2.9707,0.7341,-1.649,0.5651,0.2887,0
3.7269,0.2396,1.9194,0.7986,-4.208,-2.6925,0
1.5801,1.866,-0.1254,-1.7946,-1.5702,0.2895,0
-2.496,-2.9604,0.1514,3.9306,-0.409,-3.7371,1
1.3228,0.9931,-0.6436,-2.5344,-0.7001,1.9806,0
1.3354,1.1642,-0.8993,-1.0839,-1.3905,-0.0359,0
-1.2672,0.6218,0.7525,-1.1055,-0.7525,-0.2717,1
-1.1496,0.7877,-1.1011,-0.5438,-1.1198,-1.132,1
2.0287,1.2202,1.7149,-1.0679,-2.1243,-0.3753,0
0.8246,-2.0076,0.1711,-0.7587,-2.4198,0.1189,0
2.029,-0.9411,-0.7115,-0.8621,0.0595,2.094,1
3.2544,-0.7957,-0.219,0.3878,-0.4459,0.8909,1
-1.751,-0.8372,1.3912,0.4872,-1.2565,-1.7247,1
-1.3696,2.7674,-0.003,-0.447,-1.5952,-2.5849,1
-0.7067,1.1242,0.1365,-2.5866,-0.159,1.61,1
-3.4148,-1.4108,0.0074,2.1446,2.1231,-1.1171,1
-3.2348,-0.059,-1.5287,-0.8629,4.9658,3.4423,1
4.0206,-0.329,-0.2626,-2.2508,-2.6232,1.8677,0
-2.0071,-0.2506,0.4857,0.6591,-1.6795,-2.5844,1
-1.2152,-0.1556,-0.3375,-1.1844,-0.4745,0.3957,1
-2.1801,-0.9465,-0.0984,0.0908,2.2424,1.2338,1
-3.2351,0.2551,-1.219,0.4738,3.7924,1.0951,1
-2.2976,0.753,0.3182,-1.0261,-3.3917,-2.83,1
-2.2283,1.1112,1.6638,-0.6607,-3.0391,-3.0532,1
-2.3793,-3.5976,0.8966,2.8892,0.3779,-1.7814,1
-0.3024,0.4306,0.4398,1.4266,1.446,-0.5926,0
-1.1032,-1.4486,-0.8238,3.1399,-0.1145,-2.9024,1
-1.2931,-1.5898,-0.6443,-1.7653,-0.782,1.3543,0
0.5061,-1.6007,-1.2093,0.2571,0.3926,0.9801,1
-3.3579,-1.1004,-0.1599,2.4486,1.6586,-1.8906,1
-3.1241,-3.3645,1.1569,3.0342,1.8018,-1.2213,1
0.3123,1.8436,0.6768,-1.398,-0.4324,0.3021,0
-1.6504,1.2415,0.2401,-2.3556,-2.7634,-1.0296,1
-0.6584,0.9081,0.9087,-1.15,0.5287,0.8567,1
0.6748,-1.9666,-0.6945,2.2112,-1.3538,-2.0312,1
-1.4479,-1.7251,0.0241,1.3647,0.9051,-0.3956,1
2.4582,-0.4448,-0.2646,-0.8391,-0.512,1.569,0
-0.6024,3.4772,-0.4092,-1.3597,-0.5731,-0.9438,1
-1.2382,-1.9309,0.0716,1.8468,2.2257,0.3236,1
-1.9863,1.5743,-0.9968,-0.992,-2.621,-2.5297,1
-0.5984,3.1146,0.1579,-3.462,-0.9731,0.9645,1
0.8579,-1.0069,1.0951,0.2412,0.123,0.6505,1
1.1786,-0.9946,-1.074,-2.8304,-2.3169,1.8855,0
-0.0209,-2.4459,0.8791,2.9987,-1.1226,-2.6666,1
0.4037,-0.9346,-0.1311,-1.5499,-0.0156,2.0813,0
-0.0139,-1.9934,2.183,1.5439,-1.4311,-1.6919,1
-1.1913,-0.0575,-0.8148,1.2998,2.4811,0.2098,1
1.2273,1.7637,-1.2216,-0.5493,-1.7487,-1.1482,0
0.0133,1.0328,-0.9928,-1.9688,0.3721,1.7337,0
2.0626,-1.0187,1.1042,-0.9761,-1.2923,1.2157,0
1.2132,0.5737,0.9047,0.6114,-1.7621,-1.7477,0
2.2248,0.9671,1.7218,-0.7047,-2.3511,-0.7118,0
0.6619,-0.6927,0.0891,-1.4259,-0.1855,1.8177,0
1.1947,1.3677,-0.5215,-1.1535,-1.2807,-0.0311,0
-0.8822,0.9574,1.6973,-0.2668,3.5193,2.1846,1
0.5101,-1.4726,-0.2279,-1.7784,-0.9436,1.8792,0
-0.9406,-2.296,-0.2839,-0.2385,-1.2758,-0.0525,0
-0.3999,1.8411,0.0105,-3.789,-0.3365,2.4327,1
-0.6257,1.5791,-2.0303,-3.4825,1.4926,3.5726,0
-1.6933,1.561,-1.3,0.7213,-1.8936,-3.5215,1
2.6062,-0.869,0.437,-1.4639,-1.2065,1.8958,0
1.3928,-1.4093,0.4372,-0.446,0.3288,1.8672,1
1.8077,0.6846,0.1931,1.4797,-2.719,-3.1514,0
-1.6192,0.4253,0.6993,-0.2825,3.5061,2.1521,0
3.3889,-0.1274,0.1082,0.0086,-3.4348,-1.2902,0
1.2289,-1.0986,-0.7712,-0.5088,-1.8528,0.048,0
-0.4215,0.7684,0.472,-0.051,2.4873,1.445,1
-0.6579,2.5045,-1.5242,-2.0157,-0.9081,-0.1366,1
1.4576,-0.7108,-0.4826,-1.4219,-1.564,1.0683,0
-0.2073,0.5001,-0.7579,-2.7758,1.0932,3.2336,0
-0.4661,3.6351,-0.1889,-4.1764,-0.7519,1.6416,1
0.2504,0.3522,0.3586,1.6282,0.6073,-1.1853,1
-0.2731,0.5248,0.8349,-3.1273,-0.4486,2.3555,1
-0.8558,1.946,-1.3353,-0.9691,-0.5702,-0.7155,1
-0.1086,0.8414,0.2788,-0.538,1.1701,0.9942,1
1.5298,-0.9593,-0.4934,-0.3824,-1.0633,0.5822,0
0.8277,1.7705,-0.5264,0.3591,-1.6427,-2.1076,0
-0.7203,-1.728,0.1367,-0.6271,2.9295,3.3782,0
-1.1155,-0.1919,0.6152,2.3456,0.3105,-2.3846,1
-1.4616,1.5303,1.5521,-0.3631,-1.0385,-1.7062,1
-1.2268,2.7995,-0.4317,-1.0258,-1.3436,-1.7882,1
0.9906,1.7731,-0.4885,-3.3274,-0.3442,2.5407,0
-1.5419,0.8849,0.8675,0.7077,-0.7193,-2.238,1
-0.0048,0.3116,-0.1699,-0.2259,1.4346,1.1765,1
0.109,1.0635,0.3947,-2.9727,0.7606,3.0322,0
-1.7692,-0.3148,0.8767,-0.0616,-1.4278,-1.5687,1
1.2191,0.8997,0.2961,-0.334,-1.4552,-0.7388,0
-0.7109,2.0961,0.725,-1.7372,0.652,0.9574,0
-1.184,1.6038,0.1541,-0.5022,-1.9803,-2.2212,1
-1.3516,-0.8739,-0.2733,0.7953,0.0886,-0.8222,1
-0.5689,-1.4788,0.3913,1.7362,-0.0559,-1.2721,1
0.1889,-1.7379,0.7487,-1.0383,-1.2212,0.9442,0
0.3078,1.2763,-0.3044,1.3816,1.2431,-0.8596,1
-1.3612,-0.2323,1.0939,-0.8201,3.5694,3.1251,1
2.3332,-0.9279,0.3524,-1.0533,-1.8278,0.9415,0
-1.0728,0.6407,0.581,-1.0431,3.5709,3.0526,1
0.7148,2.0622,0.7307,-0.0666,-1.4522,-1.724,0
3.7169,-0.1104,-0.019,-3.5234,-2.5172,2.9717,0
-1.9296,1.7601,-0.7919,-1.2294,-2.1597,-2.008,1
-0.4389,-2.0183,1.5994,2.2627,0.8739,-0.7734,0
2.1377,-1.4045,-0.3448,-1.5322,-2.1324,1.3182,1
0.242,0.4592,0.451,-1.6192,0.2012,1.613,0
2.0337,-0.2638,-0.98,-1.7168,-0.7562,1.9907,0
-0.8963,2.2131,0.0609,-2.9819,-0.7396,0.9763,1
-1.9865,-1.6326,1.1199,0.6124,2.3839,1.2237,1
-0.5358,2.231,-2.3552,-3.4067,-0.3856,1.7917,1
-1.6211,-1.2611,0.0834,1.9489,-1.5727,-3.1465,1
-3.0857,-1.5849,-0.8832,0.3391,-3.8556,-3.7432,1
2.8236,-0.5589,-0.8188,0.7499,-3.1198,-1.7885,0
0.3686,0.8429,0.0965,1.2234,2.3912,0.3984,1
-2.7999,0.0801,1.0345,0.0557,-3.0834,-3.5299,1
1.3702,0.7508,1.2148,-1.2776,-1.1659,0.5285,0
-1.3471,-0.8723,-0.0388,1.1368,-0.9379,-1.942,1
-2.5885,-2.2245,-0.0127,3.6933,1.6763,-2.2783,1
-2.4919,-4.0047,0.8857,2.2026,0.5204,-0.8593,1
-3.7163,-2.068,-0.7119,2.7295,0.2685,-2.9242,1
-0.0929,-1.2637,0.0035,-1.7836,-1.4473,1.1707,0
-0.4761,1.7196,0.2135,-1.0264,0.1939,0.1763,0
-0.6111,1.0313,-0.7024,-2.1001,-0.1784,1.2006,1
0.3073,-1.4918,0.3442,-2.1579,-1.9802,1.3841,0
-1.5644,-0.1032,0.2441,2.7016,1.6643,-1.9044,1
-0.0436,0.8168,-0.0037,-2.4243,0.6794,2.4907,0
-1.6784,-0.1776,1.2316,0.4733,-1.5035,-2.176,1
0.862,-0.4317,0.3351,-3.5157,-1.3209,2.9378,0
2.3176,-0.1289,-0.0883,-0.4565,-2.1678,-0.2737,0
2.4295,-1.1944,-0.9558,-1.9755,-2.5814,1.4203,0
-1.3734,1.361,1.7424,-1.1702,-1.0635,-0.8277,1
-0.3877,1.4074,1.9341,-2.5437,0.9056,2.3776,0
2.3309,0.3348,0.9697,-1.0974,-2.1422,0.1621,0
1.8902,0.8442,1.3235,-0.5038,-2.0498,-0.7477,0
0.3751,-0.941,-0.7121,-0.1092,-0.0739,0.6254,0
-1.8814,-1.5074,1.6541,2.6498,0.2777,-2.3948,1
-1.5707,3.0412,1.3748,-2.0964,-2.7788,-2.0901,1
-0.7787,1.7307,-0.4815,1.5485,1.3902,-1.5337,1
-3.3208,-1.428,1.8216,1.9249,3.1123,-0.0997,1
-3.9906,-0.5006,0.3281,1.5149,3.5159,-0.0729,1
-0.2529,-2.2999,0.0546,2.3541,-0.5261,-1.7368,1
2.4745,-1.4128,0.4981,0.2112,-0.8615,0.7289,0
-1.8377,0.93,-0.434,-1.6123,-2.2029,-1.2517,1
-0.8961,-0.4076,0.5007,-0.2787,1.8393,1.528,1
-0.9966,-2.1616,0.7812,3.4896,-1.1395,-3.6616,1
1.5656,-0.926,0.3252,-2.3166,-2.8902,1.0615,0
2.0688,-0.0696,0.9692,-2.0284,-1.6012,1.5697,0
0.3216,1.7765,0.637,-1.7644,-0.2398,0.8412,0
-1.0216,-0.892,-1.5777,0.4821,-0.6651,-0.9613,1
0.4952,1.2403,0.0588,-1.1146,-0.5143,0.3103,0
-1.8286,0.8314,1.1267,-0.8542,-1.829,-1.6542,1
-0.4299,-0.0672,-0.0668,1.7206,0.4216,-1.4856,1
-1.1424,-0.9851,-1.2229,1.8388,0.2001,-1.6218,1
2.9782,-1.4368,0.136,1.6966,-3.2496,-2.3475,0
-3.2107,-0.9377,0.7461,0.3834,2.9852,1.1208,1
2.1425,-1.4031,-0.5629,-0.4663,-2.175,0.2486,0
0.6689,-0.4366,0.8773,-1.974,-1.0703,1.5572,0
-1.024,0.6916,0.8594,-1.7522,-0.5211,0.5968,1
1.7955,1.7138,-1.2294,-1.2415,-1.981,-0.4122,0
2.9242,-0.439,0.7194,-1.1339,-2.3765,0.6003,0
-0.1443,-1.4143,-0.5632,0.9387,0.3135,-0.079,1
-0.192,1.2418,-2.7488,-0.6415,-0.0464,-0.0548,0
1.9841,1.5898,-0.9137,-0.9525,-2.1723,-0.7113,0
-1.2692,-1.4866,0.3649,-1.2732,-0.761,0.8529,0
1.1384,-1.1476,0.8368,-2.0427,-0.7199,2.3994,0
2.3536,0.162,-1.6569,-0.5283,-2.2808,-0.4105,0
0.0132,1.9428,1.3433,-3.3007,0.8159,2.9535,1
-0.9816,3.0489,0.824,-2.2478,-1.1432,-0.465,1
-2.0368,-0.4427,-1.3818,-0.0282,-2.3354,-2.3417,1
2.2582,0.9936,-0.1834,-0.1479,-2.5679,-1.4199,0
1.656,0.1403,-0.8563,-1.4691,-1.1391,1.1254,0
2.8871,-0.7034,-0.3356,-1.3079,-2.3982,0.8604,0
3.4287,-0.9766,1.4914,0.0677,-1.9072,0.2305,0
2.2197,-1.4079,-0.5893,-0.9692,-1.7641,1.0856,0
-2.398,0.2091,0.3403,0.6587,-3.5144,-4.3536,1
-1.5125,-2.6744,0.0468,1.894,1.2115,-0.2645,1
-1.4719,-0.9945,0.2604,-0.1428,3.2762,2.5482,1
-1.2699,1.7949,1.9319,-0.6892,-0.7651,-1.2268,1
1.8134,0.9216,0.5063,0.0817,-2.2107,-1.5064,0
-2.9644,-3.9109,0.157,4.0918,-0.9733,-4.0699,1
1.2655,-2.2301,-0.2608,1.652,-0.9214,-0.8075,0
-1.1516,2.4914,0.4081,-2.795,-1.8209,-0.2614,1
-1.5167,-1.1009,0.0258,-0.6032,-0.1805,0.3742,1
-1.3488,2.2139,-0.2811,-1.7634,-1.1422,-0.6929,1
-2.433,-1.1366,0.6667,1.2455,2.9484,0.642,1
-0.8295,1.3028,-1.0959,-2.0482,-0.1166,0.9892,1
1.8338,-1.5649,0.4176,-1.134,-2.626,0.5088,0
0.3574,2.1504,0.3957,-3.1113,0.1416,2.2876,0
2.2643,0.8439,-1.4218,-2.2094,-1.702,1.3237,0
-2.4219,-1.6106,0.1254,1.2094,2.3232,0.4191,1
-0.4286,0.7839,0.7421,-2.9466,0.6088,2.813,1
1.2545,0.9081,0.4957,0.2432,1.9193,1.2996,1
-0.9244,-1.9311,0.3085,1.8844,0.4814,-0.9322,1
-1.1243,-0.5494,0.9109,2.0661,-0.3947,-2.493,1
0.0365,-2.2598,-0.7546,-1.3662,-1.543,1.198,0
-1.4743,2.0912,0.9834,-1.9381,-1.946,-1.1316,1
-1.5967,-1.2815,0.2056,-2.4509,-1.1989,1.4441,0
1.8851,-0.0164,-0.2238,-0.9199,-1.5896,0.4042,0
2.7093,0.4162,-0.4444,-1.8811,-2.1243,1.0465,0
0.6919,-2.0145,-0.5282,-0.7785,-2.1072,0.3305,0
-2.5167,-0.6107,0.5266,2.4268,1.9086,-1.5806,1
1.1489,-0.7016,-0.9573,-1.9332,-0.9534,1.9126,0
-2.0349,0.6998,1.1949,1.3037,-1.4537,-3.4859,1
1.0849,-1.3577,2.4996,1.1928,0.2136,0.0413,1
-0.6284,-0.0551,0.1471,-2.3467,0.1109,2.1554,1
2.0277,-0.7345,1.035,-1.0345,-0.169,1.9911,0
-0.937,1.1201,1.2142,0.0644,-0.2479,-1.1262,1
-1.5872,-0.3056,0.1802,0.7696,1.6049,0.0157,1
0.0327,-1.1705,-1.0772,-2.0863,-0.3389,2.3219,0
1.7281,-0.9403,1.833,-0.2582,-1.2563,0.3801,0
-1.3027,-2.6803,0.2797,3.0822,0.02,-2.2535,1
1.035,-0.5546,-0.1687,-2.4768,-1.4361,1.9603,0
-2.7657,-1.9947,1.4624,1.2847,2.4182,0.4636,1
3.6184,-0.9033,-1.0256,-1.6021,-2.709,1.2799,0
-0.0617,-1.2383,0.2855,-0.9144,-0.8859,0.7555,0
-2.8072,-1.1779,-1.7467,1.9626,3.1751,-0.0066,1
0.053,1.0573,0.3612,-1.3107,0.0559,0.8539,0
-1.838,-1.4047,1.6075,0.8403,1.4463,0.2341,1
-1.1858,-0.453,-0.4123,0.9566,2.279,0.5725,1
-0.3243,-0.6194,1.4387,1.1125,1.3511,0.1144,1
-0.2045,-2.1161,0.1317,1.1915,0.0733,-0.2101,1
-2.2782,-0.9579,-0.9922,1.2934,1.9822,-0.1694,1
1.1707,-2.1787,0.2742,-0.7911,-1.5535,1.0265,0
-0.9014,1.8657,0.6821,-3.1604,1.5611,3.0743,0
0.3723,0.6438,0.5024,-2.4095,0.3117,2.4325,0
-0.4468,-0.9247,-1.5552,-1.4283,-0.1722,1.5125,0
2.3161,0.5889,-0.9455,-0.9453,-2.1934,-0.1477,0
-1.4503,1.3777,-2.3979,-0.8087,-1.6866,-1.6953,1
2.4149,0.3431,0.2488,0.5011,-2.8029,-1.8736,0
-1.8037,1.2755,-0.0712,0.1497,-1.7691,-2.7803,1
1.3401,-0.1014,-0.9426,0.4553,-1.5919,-1.1063,0
2.2498,0.6101,-1.4629,1.6541,-3.1939,-3.4825,0
-1.8149,-0.7152,1.1616,1.4233,1.7001,-0.4467,1
2.0108,0.4817,-0.8358,-0.3003,-2.1997,-0.8482,0
-1.7153,0.7874,-0.4197,1.334,-1.9499,-3.8144,1
1.8285,1.0329,-1.4996,-1.7715,-1.5271,0.778,0
-1.7684,-1.7066,-2.7847,2.3,0.0772,-2.0733,0
1.0858,-0.9013,-0.2395,-1.7392,-2.6067,0.522,0
-2.4838,-2.5382,1.9035,2.2505,1.1006,-1.131,1
0.0808,0.8698,-0.5567,-0.922,-0.0637,0.4803,0
1.4402,-0.2489,-1.5767,-3.1807,-1.1691,2.8655,0
-1.7027,0.6808,0.1052,-0.626,-2.5529,-2.3148,1
-0.3163,-0.9168,-2.2348,-1.456,-0.9292,1.0047,0
0.9178,1.508,0.6792,-1.792,-0.7861,0.8001,0
-0.551,0.0695,-0.2326,1.8364,-0.6051,-2.4958,1
-1.2711,1.4787,2.2004,0.0958,-1.5559,-2.4537,1
0.4078,-2.0265,0.8724,0.0884,-0.7735,0.407,0
1.0335,-1.1897,-0.6,-1.4133,-1.7964,0.9392,0
1.6953,-0.216,0.2827,-1.1697,-1.2456,0.9307,0
-1.0017,1.6537,-1.1148,-2.9628,-1.0938,0.9026,1
0.1076,3.376,0.078,-5.2092,0.6267,4.0445,0
1.1699,-0.3158,0.8071,1.3,-0.0217,-0.69,1
-0.4586,0.7868,0.7869,0.2984,1.4831,0.3111,1
-0.4383,-2.1951,-0.7937,1.3195,0.242,-0.2586,1
0.7366,-1.8589,-0.3488,-1.2101,-2.4108,0.4633,0
-1.2869,-0.2884,-0.2995,-0.8494,-0.9955,-0.2971,1
-1.2979,1.7189,0.4902,-0.1858,-1.138,-1.9792,1
-0.7379,1.2816,1.2755,-3.3664,-0.5942,1.9511,1
-1.4789,1.155,-0.4765,-0.1276,-1.0406,-1.7713,1
0.1418,1.6832,-1.4928,-4.0658,1.3435,4.2721,1
-1.8166,1.0664,-0.3829,0.0962,-3.2373,-3.7644,1
-0.5479,0.6935,-0.7543,-2.4631,0.1592,1.9927,1
-0.5377,2.269,-0.9019,-0.9323,0.035,-0.3133,0
1.9214,-1.134,1.3068,-0.8535,-1.2408,1.1348,0
2.197,-1.1836,0.464,-1.193,-1.3202,1.5327,0
0.415,1.2259,-1.8198,-2.697,0.2883,2.4435,0
-1.5196,0.5615,1.0601,-1.7879,-1.0545,0.092,1
1.4428,-1.1269,-0.1429,-1.2077,-0.9341,1.5287,0
-1.7831,0.2607,0.6309,-1.2494,-1.3196,-0.5985,1
1.1775,0.2646,-0.2051,-0.0907,0.8599,1.0776,1
1.7515,-1.4069,-0.0229,-1.1487,-2.2325,0.7212,0
1.8489,-0.5793,-1.0546,-1.9032,-1.3929,1.7577,0
0.576,0.3527,-0.3258,-1.5121,-0.1693,1.4009,0
-0.5808,-0.9027,-0.2698,-1.8113,-0.2055,1.7987,0
-2.7444,0.4849,-1.2249,-0.1279,3.5716,1.5938,1
-0.772,-1.6698,-0.009,-0.9478,-0.7909,0.7875,0
2.0351,-1.6546,0.1906,-0.7163,-2.9887,-0.0582,0
-0.8826,1.1308,1.3311,-1.7547,-0.3817,0.5585,1
0.56,2.9297,-0.5591,-2.9641,-0.3817,1.4619,0
2.0424,-1.1143,1.6103,-1.7571,-2.1008,1.3917,0
-2.7318,-1.7646,1.1099,1.8,1.3244,-0.9707,1
-3.1865,-2.1546,-0.0938,2.3671,2.416,-0.6798,1
-0.9845,0.7528,-0.039,0.2752,3.4024,1.6218,1
1.4287,0.1491,0.604,-1.0662,-1.0752,0.691,0
1.9494,0.1001,-2.1424,-1.0426,-1.6354,0.4598,0
0.673,-1.1863,1.0802,-1.9504,-1.9652,1.1931,0
-1.2894,0.7146,0.1321,0.1973,-1.6856,-2.3081,1
0.1247,-1.3277,0.1866,-0.4839,0.5228,1.5304,0
2.1565,-0.4808,-1.2056,-1.8851,-1.2076,1.9548,0
3.5179,-0.1209,-0.4543,-2.9854,-3.8235,1.3735,0
1.1146,-0.1605,-0.147,-3.2617,-1.463,2.5534,0
2.8767,-0.4623,-1.0153,-1.8045,-1.9617,1.5643,0
0.3957,-0.1734,0.3744,0.4775,1.4343,0.8673,1
-0.7253,-1.5133,-0.2655,1.8717,0.275,-1.1941,1
0.9159,0.3486,-0.4141,1.364,-0.7744,-1.7327,1
1.0329,-1.1261,-2.3216,-2.0232,-1.2197,1.9465,0
-1.067,-0.5751,-1.9139,0.6403,-0.1595,-0.8901,1
-1.112,-0.0896,1.6995,-0.3107,2.4884,1.8289,1
-1.6062,0.2401,0.0113,0.374,3.0357,1.2416,1
0.0413,1.5426,-0.8004,-2.048,0.2711,1.5098,0
2.1976,-1.3413,-0.1662,0.3876,-1.1837,0.1709,0
1.5244,-0.5754,-0.9292,-2.6623,-0.8163,2.8136,0
0.5748,2.2876,1.6213,-0.0972,-1.4378,-1.8403,0
1.4486,0.6976,-0.1607,-1.019,-1.3648,0.1783,0
1.2356,1.5407,-0.3217,-0.9522,-1.4768,-0.4415,0
1.0508,-1.3317,-0.0499,-0.4387,-0.7863,0.8374,1
0.9289,0.5959,-1.802,-0.3526,-1.0804,-0.4045,0
2.2467,0.9248,-0.8422,-1.1532,1.038,2.3549,1
-0.8621,2.227,-1.0788,-2.1523,0.9041,1.4372,0
-0.4851,-2.6541,-1.9126,1.3378,0.1776,-0.1328,0
1.5769,-1.0794,0.3327,-1.1627,-1.3949,1.1607,0
1.9833,0.2216,1.1003,-0.7675,-1.8215,0.006,0
-1.9454,1.8589,-2.8695,-1.4806,-3.5279,-2.8652,1
-2.7949,-2.5667,-1.4862,3.1355,1.2653,-1.9725,1
-0.6099,3.0497,-0.165,-3.5445,-0.2945,1.5913,1
0.6421,1.5173,0.6266,-2.3565,-0.2626,1.642,0
-0.0187,1.8287,-1.5021,-2.7246,0.4576,2.1575,0
-2.2381,-0.3234,-1.5115,0.6052,-2.8544,-3.4889,1
0.7224,3.2808,-1.0246,-2.5642,-0.7959,0.6553,0
-1.3892,1.3674,-0.3593,-1.1349,-0.6994,-0.5916,1
-1.2273,2.1671,-0.2691,-0.8405,-1.6477,-1.9118,1
-2.3531,-2.4985,0.6285,3.5777,-1.0324,-4.0295,0
1.1071,-1.1726,-0.6821,-0.9639,-0.5988,1.4413,0
1.4265,1.137,0.2376,-1.3477,-1.3192,0.3232,0
2.2623,-1.4465,0.6227,0.0573,-0.723,0.9194,0
0.8841,-1.2227,0.6009,-1.1406,-1.1616,1.119,0
1.5695,1.32,-0.8279,-3.433,-0.6756,2.8187,0
2.254,-1.7549,0.362,0.6613,-1.077,0.1978,0
-2.5458,0.3221,1.4476,0.1076,-2.528,-3.168,1
-1.0305,1.8208,-0.087,-1.6547,-1.0636,-0.436,1
0.4003,2.0418,0.4759,-1.5152,-0.5589,0.2616,0
1.1977,-0.2754,1.5728,-2.5657,-1.2942,2.0898,1
-1.7585,2.2341,-1.1428,-1.7944,-2.7763,-2.0834,1
-2.999,-2.0187,-1.5602,2.871,0.7679,-2.4266,1
-1.2443,0.779,-0.0807,-0.9663,-0.6257,-0.3734,1
-0.4791,0.1943,-0.344,-0.5057,0.5077,0.6097,1
-1.2105,2.1989,1.2805,-5.0003,-1.7038,2.0881,1
-0.7208,-2.0551,-0.7796,1.2999,0.9959,0.167,0
0.3313,3.7102,0.9834,-1.9983,-0.8568,-0.2894,0
0.7965,-1.3526,0.2664,-0.6685,-0.5216,1.1768,0
-1.6067,1.5415,0.2496,-0.8453,-2.7703,-2.6268,1
-4.0206,-2.213,0.706,0.881,4.8975,2.3804,1
-1.0369,-4.0775,-0.568,3.4993,-1.4028,-3.0085,1
-1.2568,-1.6322,0.674,0.3609,0.8179,0.5454,0
2.6516,0.9462,-0.5644,-1.4402,-2.4644,0.0904,0
-1.8806,-1.8808,-1.6426,2.6605,-0.9732,-3.1937,1
2.7943,-1.106,-0.5772,-0.9106,-1.4768,1.3303,0
1.9571,0.7013,0.9958,-0.4004,-2.0984,-0.7944,0
-3.044,-0.4652,0.6922,2.019,2.2637,-1.1793,1
-2.0527,-0.8099,-1.2482,0.593,-1.857,-2.4167,1
-1.0668,2.4038,1.2322,-0.9833,-1.5414,-1.7384,1
-0.1652,-0.5307,-0.0436,0.3449,2.076,1.4387,1
0.2585,4.5485,-1.6507,-4.8732,1.677,4.0428,1
0.8414,1.0373,-0.1413,-1.3234,-0.7309,0.5731,0
-0.6324,0.0232,1.4928,-1.4946,0.0265,1.2233,1
0.6256,-2.0345,1.5605,0.1623,-0.3967,0.7114,0
-0.8679,0.2827,0.68,-0.9169,-1.3873,-0.6342,1
-1.5922,-2.215,-1.6068,0.9734,0.6072,-0.0735,0
-1.7073,-0.5194,0.0343,0.472,-2.0076,-2.4159,1
0.3883,1.6153,-0.5442,-2.534,0.0567,1.9178,0
1.309,-1.5288,0.0978,-0.754,-2.0523,0.3618,0
-0.7868,2.6215,-0.3378,-1.9374,-0.428,0.0527,1
0.7165,1.6519,0.0136,-1.7158,-0.6369,0.6972,0
-1.0113,2.1443,1.1402,-3.3435,-1.2962,0.8889,1
-0.3681,-2.599,-0.1811,1.7291,-0.3325,-0.8861,1
-1.2125,-3.6169,-0.9418,1.525,-1.0252,-1.0747,1
-0.4512,1.531,-1.6692,-2.0126,0.0882,1.1517,1
-0.0169,1.6002,-0.959,-1.3942,0.005,0.62,0
-0.4137,1.2008,-0.1293,-3.925,0.6087,3.5798,1
0.684,-1.9123,-0.4942,-1.2753,-1.8719,0.945,0
-2.5174,0.4986,-1.7523,0.9904,-4.2311,-5.4056,1
-1.153,1.9017,0.9619,-1.9972,1.2332,1.5769,0
0.9248,-0.9722,-1.1119,-2.5446,-2.2496,1.5514,0
-1.8978,-3.4482,-0.6113,3.0106,-0.2157,-2.2397,1
1.6223,1.1597,0.836,1.0355,-2.5676,-2.8918,0
1.7471,-0.2672,1.128,-1.1689,-0.4033,1.62,0
-0.9358,2.2585,0.6974,-1.9735,-1.4176,-0.5622,1
1.848,-2.1433,-1.4722,0.2511,-1.7732,0.0858,0
-1.8972,-2.2055,1.4178,1.6264,1.6584,-0.0234,1
-2.2144,-3.4313,1.1703,4.9855,-1.7008,-5.4321,1
-0.8895,2.2533,-0.63,-1.323,0.0079,-0.0811,1
0.3436,-1.4878,0.5582,-2.6932,-1.3689,2.3868,0
0.3164,-1.2054,-0.328,-1.0369,-0.0851,1.6193,0
0.9379,-1.5156,0.4996,-0.5702,-0.7066,1.068,0
1.7805,-1.2371,1.479,-0.7423,-0.9255,1.262,0
-1.2835,1.4193,-1.0642,-0.5421,-1.5831,-1.8307,1
-1.4938,2.4057,0.7146,-2.0473,-1.8011,-1.0659,1
3.2799,-1.5236,0.6517,-0.2248,-2.4237,0.3131,0
2.2861,-0.3688,-0.8707,-0.9773,-1.8287,0.592,0
-0.2456,3.3137,-0.8142,-2.66,0.2048,1.1314,0
1.1412,1.4716,0.137,-2.2286,-0.8182,1.3028,0
-0.7683,-2.5339,-0.8349,3.3417,-1.8006,-3.7668,1
3.4384,0.0912,0.1325,-3.058,-2.2652,2.5128,0
-1.42,2.9764,-0.0652,-1.4878,-1.9267,-1.9412,1
0.9816,2.3114,1.1424,-2.2612,-0.9342,0.7986,0
-1.6828,0.0312,1.0846,0.8793,-2.6469,-3.547,1
-1.3778,-0.2205,0.7925,-0.1214,3.0858,2.0615,1
1.5114,-0.9771,0.0194,-1.4148,-0.3311,2.1509,0
-1.4445,-0.2478,1.7019,0.4107,2.7017,1.2355,0
0.4602,1.1726,2.1296,-1.2926,-0.4176,0.5755,0
-1.0869,-0.6571,0.1326,0.6607,-0.4232,-1.0824,1
0.8513,-1.6489,-1.8612,-0.1711,-1.2393,0.2984,0
0.5234,1.6825,0.9714,-0.9212,-0.8368,-0.318,0
-2.3797,0.4711,0.0927,-1.0344,-2.5626,-2.0872,1
-1.2842,1.7579,-0.7058,-2.1983,-2.7301,-1.2543,1
0.8039,-1.0856,1.1738,0.6497,-0.6528,-0.3276,1
-0.7819,0.8999,1.7045,-1.4331,0.3674,0.9651,1
-1.7012,1.4978,-1.0423,-0.8578,-2.0629,-2.0876,1
2.3419,-1.8038,0.5063,-0.7562,-1.7927,1.085,0
-0.8911,0.4973,1.134,-0.9688,-0.851,-0.2794,0
-0.9288,2.5104,-0.0439,-1.7138,-1.2615,-0.8083,1
-0.0661,0.821,-0.1038,-2.5773,0.9091,2.8055,1
-0.3891,1.9833,0.4604,-2.5967,-0.4855,1.096,1
-2.0771,-0.2237,-0.0715,1.2978,2.3853,-0.1245,1
1.5937,-2.0035,-0.6664,0.5577,-0.5585,0.5584,0
-3.131,-1.4944,-1.6403,2.4798,1.6719,-1.6429,1
0.8202,-0.4363,-0.8911,-1.274,0.7381,2.3217,0
-0.1019,4.5231,0.3387,-4.1577,-0.134,1.8292,1
-1.2145,0.8801,0.4008,-0.9252,-0.8466,-0.618,0
-3.2752,-1.5194,-2.3404,1.2683,2.0582,-0.2102,1
1.5686,0.6018,-0.3871,-0.8111,-1.5049,-0.0417,0
-1.8193,1.9235,0.046,-2.5661,2.1188,2.546,0
0.0681,-0.8401,0.5049,2.1992,-1.0086,-2.5041,1
-0.1375,1.6053,1.6459,-2.8226,0.6361,2.4471,0
0.25,1.9346,-0.9347,-1.896,-0.2014,0.8988,0
0.2128,1.6168,0.6382,-1.7346,-0.138,0.922,0
2.8043,-0.2437,0.0843,-1.9365,-1.6509,1.8035,0
-1.7712,3.6163,1.0326,-2.7115,1.5979,1.5284,0
1.8602,1.9135,-2.043,-1.4427,-1.9915,-0.2912,0
1.465,-0.8627,1.4905,-2.2413,-0.8177,2.5118,0
-0.4332,1.7367,-1.3895,-2.644,0.8457,2.2606,0
0.9479,-1.8256,0.9084,1.0184,-0.6746,-0.3084,0
1.9693,1.0476,-0.1535,-1.1621,1.1171,2.2618,1
-0.6492,2.021,-0.1962,-1.5209,0.512,0.6974,0
-1.3602,0.5681,-0.4297,1.6325,-1.246,-3.328,1
0.0604,-1.3727,-0.1901,-0.461,0.2962,1.3301,0
-1.7033,-1.4134,1.1537,2.9531,-0.0711,-2.933,1
1.9371,3.0527,-1.0098,-2.0438,-2.2014,-0.361,0
0.6896,-1.6482,0.9856,-0.6492,-0.8133,1.0289,0
1.4089,0.3019,1.1412,-1.9703,2.0415,3.8868,1
2.5045,-1.1134,2.1428,-0.4187,-0.9148,1.1752,0
1.903,-1.105,1.8851,-0.3882,-1.0707,0.7918,0
1.3797,-0.8571,-1.2454,-1.7143,-1.7633,1.2374,0
-0.3811,-0.9862,-1.2179,-0.1921,0.8951,1.1815,0
-0.3308,2.1931,0.7182,-3.376,0.9277,2.866,0
2.4471,1.4558,0.3777,-2.5554,-1.9752,1.2397,0
2.1413,-1.4758,-0.5784,-0.1268,-0.8373,0.9781,0
0.3651,-1.9376,-0.4637,-1.4219,-1.9217,0.9392,0
1.6078,-1.4704,-0.7489,-0.3284,-0.8589,0.951,0
3.0563,-1.1818,-0.9935,-1.7994,-1.3385,2.4371,0
1.5462,-0.2336,-0.7643,-3.1419,-1.9253,2.2806,0
0.1776,2.3692,-1.0977,-1.3506,-0.5592,-0.1345,0
-0.4244,-1.389,-0.9043,3.3595,-1.274,-3.7742,1
-1.2271,1.7415,-0.2539,-1.8231,-1.8424,-0.9087,1
1.0738,-1.029,0.9378,-1.8932,-0.8553,2.0706,0
-0.4705,-0.7134,-0.9294,1.0448,1.0652,-0.0519,1
1.2232,-1.2197,-1.0398,-0.601,-1.7993,0.2322,0
-1.9439,-1.8605,-0.3363,2.3956,0.2942,-1.9963,1
3.0682,0.4198,-0.5863,-4.0245,-2.718,2.8137,0
-1.5971,-1.9114,-0.6191,1.1854,1.7946,0.4904,1
1.0127,2.9397,-1.8929,-5.6117,2.2963,6.2652,1
0.669,-1.5127,-0.8712,-1.9689,-1.7818,1.5004,0
0.9299,2.6428,0.7053,-2.6592,-0.8431,1.0841,1
1.1262,1.1883,0.4441,-0.2053,0.9681,0.8283,1
-3.2442,-1.6867,-0.5269,-0.0205,2.5863,1.5391,1
-0.9724,1.4605,1.104,-2.7583,-0.0241,1.6246,1
1.168,2.796,-0.7515,-1.5009,-1.5458,-0.5627,0
-0.5961,-1.4509,-0.6975,-2.0931,-0.4312,2.1457,0
1.5121,2.599,-0.9914,-1.9441,-1.7183,-0.0413,0
-0.9822,1.5357,-1.5294,-3.4302,-0.8936,1.5731,1
-0.717,-1.3756,0.9521,-0.1228,0.2271,0.6516,0
-0.2227,1.9148,1.2263,-2.7831,0.6667,2.2574,0
-1.4788,-0.6826,1.1936,1.6178,2.0032,-0.2898,1
1.2598,1.6862,1.0102,-2.4962,-0.8671,1.4726,0
-2.5469,-1.2318,1.6148,2.3925,1.9415,-1.2481,1
1.3655,0.1482,-0.9627,0.012,-1.5772,-0.7682,0
-0.7468,3.9223,0.1869,-4.8886,-1.704,1.3648,1
0.231,1.3511,0.515,-2.2692,0.1393,1.7846,0
-0.7687,-3.2804,-0.5768,1.0031,0.0557,0.2788,1
0.7402,-0.4261,0.3852,0.3561,0.2776,0.3454,1
1.292,-0.8725,-0.3138,-1.5452,-1.1529,1.5148,0
-1.4839,-0.1175,-0.0337,-0.2765,-1.6915,-1.5433,1
-0.3979,-1.3104,-1.5909,-2.1324,-0.8781,1.8522,0
-1.3908,-1.0003,-0.8721,0.5525,1.4629,0.5125,1
2.7724,-0.8591,1.4173,0.5491,-2.7676,-1.2042,0
1.9072,-1.4783,-0.3791,-0.829,-2.0086,0.6741,0
-3.4346,-3.5933,0.8238,2.0459,1.4091,-0.5741,0
1.4189,0.3609,0.2823,-0.2414,-1.5441,-0.5732,0
-1.1743,-0.113,0.2002,0.4411,2.2091,0.8691,1
1.714,1.2469,0.1296,-1.8045,-1.48,0.704,0
2.3884,-1.3733,1.3289,0.6831,-1.4416,-0.2273,0
4.0285,0.9886,0.1565,0.8054,-4.763,-3.354,0
0.2233,0.8208,0.6595,-2.5476,0.4894,2.5652,0
-0.0673,-2.0057,0.5412,0.512,-0.0036,0.3943,0
2.9344,-2.2241,0.0316,-0.0031,-2.247,0.4225,0
-1.7679,0.8626,-0.7236,-1.1484,-1.7119,-1.2688,1
-0.6021,4.9559,0.4447,-3.3261,-0.5121,0.3388,1
-0.9263,1.5122,-0.7403,-0.2861,-0.2396,-0.9545,1
1.8584,-1.1322,1.095,-2.65,-2.4095,1.9621,0
0.4654,0.1271,-0.8044,-1.4614,2.1146,3.1665,1
-0.8635,1.521,-0.1426,-3.6568,0.1212,2.625,1
-1.4704,0.1513,-0.3835,0.6723,2.4819,0.6187,0
1.1451,1.1935,0.5101,-2.1187,-0.764,1.3666,0
-0.6558,1.9379,-0.5252,-2.8455,1.1177,2.4881,1
-1.1763,0.7381,0.4761,-1.5554,-1.4146,-0.3606,1
-1.1852,-0.1714,-0.5747,1.6084,2.5613,0.0254,1
-0.2146,3.708,-1.5651,-3.2509,0.571,1.8187,1
-1.9423,0.5896,0.321,-0.6717,-2.3549,-2.1681,1
1.6678,1.2294,-0.4938,-0.407,-1.999,-1.065,0
-0.74,-0.3744,-0.6421,0.499,1.9985,0.9373,1
-1.4815,1.167,0.9548,-1.5062,-2.2864,-1.3917,1
-1.373,1.757,-1.4938,-1.3091,-2.1821,-1.7331,1
-0.7597,0.9344,-2.0015,-1.3327,0.2826,0.7949,1
-1.1483,-0.0636,-1.5857,-0.5998,-0.4621,-0.1808,1
2.1453,-0.6661,-1.8679,-2.9764,-2.3052,2.2556,0
-0.8211,1.7549,-0.2802,-1.9344,-0.7001,0.2259,1
1.2137,-0.8113,-0.5611,-2.0688,-1.1809,1.9452,0
-1.9286,0.6781,0.2238,-0.3446,-2.6893,-2.7788,1
-3.3091,-1.3372,0.4637,1.9192,1.2298,-1.5768,1
-1.0253,-0.575,0.0533,0.8459,-0.2598,-1.1514,1
2.7202,-0.1427,-0.4545,-2.313,-1.1035,2.5118,0
-1.9945,0.792,0.1895,0.8882,-3.2349,-4.4758,1
-0.4247,0.9118,-1.1792,-1.5517,1.0691,1.7506,1
-0.5119,4.9587,-1.5777,-5.0737,-0.5724,2.0276,1
0.9456,0.9477,-0.4001,-0.4145,-1.2594,-0.6368,0
-0.5199,2.0858,-0.9401,-1.7211,0.4117,0.8351,1
-3.3613,-2.2383,3.1316,0.8599,2.2353,0.6208,1
0.7024,3.0301,-0.1821,-3.1631,-0.5028,1.5711,0
1.4743,-1.0223,-0.1718,-0.3134,-0.4652,0.9819,1
2.5915,-1.0729,-0.9731,-0.1715,-0.1661,1.5241,1
-1.0362,-0.0243,-0.955,-0.098,-0.3376,-0.5492,1
2.022,-0.5766,0.5791,-2.9604,-1.83,2.5166,0
-2.3605,-1.2845,0.9889,-0.8644,3.6859,3.3587,1
-2.3774,0.7799,0.21,1.5399,1.8586,-1.3407,1
-0.6837,1.704,-0.4015,-3.3257,-0.6401,1.7029,1
-1.2175,1.447,-0.4161,-1.943,-1.8955,-0.6938,1
-2.0663,1.1066,-0.0804,0.4593,-3.0223,-4.067,1
-4.8122,-0.0058,1.0064,0.9442,5.2632,1.2826,1
0.8832,-0.3656,1.3315,0.1946,-1.3058,-0.6862,1
-0.7973,-1.2654,-0.343,0.7083,1.7246,0.9105,1
-0.5383,-1.9543,-0.7323,0.3342,-0.2218,0.1961,0
-0.9832,-2.6706,-0.5344,2.6846,-0.8385,-2.4076,1
0.7346,-1.5788,-1.9186,-1.5162,-1.322,1.468,0
-1.272,-1.3355,-1.2559,-2.2753,-1.6364,1.0862,0
-0.7928,-0.0998,-1.2717,0.1376,3.9495,2.6409,1
-1.29,-0.9552,-0.8111,2.0272,-0.6728,-2.5457,1
-1.2745,0.6499,0.285,0.0999,0.1598,-0.7609,1
-2.5473,-1.0675,0.2882,1.3642,2.2274,-0.1027,1
2.5515,-0.8285,-2.3324,-1.7313,-2.3149,1.2657,0
2.2341,-0.7434,-0.4888,1.4646,-2.7143,-2.3139,0
1.3446,-1.4135,-0.7331,-0.5397,-1.4191,0.5999,0
1.9749,0.889,-0.4397,-1.4606,-1.7051,0.4606,0
-0.0311,2.4695,-0.8266,-1.812,-0.114,0.5308,0
-1.2329,0.7912,0.6819,0.25,-1.7401,-2.4147,1
-0.2809,1.6818,0.3239,-1.2624,0.1791,0.4868,0
1.8266,0.9048,-1.4206,-0.2496,-2.0814,-1.0716,0
-1.4988,0.794,-0.4204,1.3792,2.1243,-0.6504,1
0.7736,-1.9927,0.4879,-0.1825,-0.7798,0.7905,0
-2.6124,1.964,1.2486,-1.7898,-3.9864,-3.2197,1
0.9418,2.4398,0.4757,-1.7885,-1.147,0.1006,0
0.037,2.4306,-1.3825,-2.6378,1.4435,2.5747,1
-2.8833,-2.1437,0.8547,2.3013,0.3543,-2.0877,1
-2.1856,-1.3114,0.996,2.288,1.9003,-1.003,1
-3.7603,-2.9562,0.0937,2.6447,1.2381,-1.7059,1
1.0461,0.3982,-0.4921,0.939,-1.6918,-1.9961,0
-1.2631,-1.5327,-0.5435,3.4882,-0.4373,-3.5121,1
1.5959,0.8396,0.2255,1.3435,-2.5464,-3.0385,0
2.222,-0.1004,1.094,-1.3607,-1.6376,0.9642,0
2.0072,1.1698,0.2237,-0.3751,-2.3446,-1.2042,0
0.5496,2.7309,-0.032,-3.7613,1.1853,3.5288,1
-3.3648,-2.821,2.5488,2.1905,0.6287,-1.6422,1
0.7527,0.5933,-1.5477,0.2756,1.1871,0.6586,1
1.4038,-0.5771,0.1475,-3.0443,-1.4719,2.637,0
2.62,-0.8479,-1.1619,-0.5566,-1.8221,0.5352,0
-1.1453,2.404,0.1019,-2.3052,-1.2058,-0.2236,1
2.302,-0.2342,-1.2562,-1.0838,-1.8011,0.6611,0
-0.7218,2.0418,0.7311,-2.1985,-1.5244,-0.2436,1
1.7759,-1.2612,0.6491,-1.5021,-2.2794,0.9718,0
0.9377,0.5961,0.4179,-1.4246,-0.6694,0.9584,0
-2.108,-2.9261,0.7791,2.7443,-0.9276,-2.8473,1
-0.6842,2.6394,0.5883,-2.0465,-0.946,-0.2077,1
-1.5668,-2.4802,-0.7439,1.858,0.4448,-0.9282,1
-2.7377,-3.0002,-1.9002,1.6794,1.3651,-0.2567,0
-1.2494,0.2136,0.4255,-0.0505,-0.9653,-1.2682,1
2.0887,2.11,-0.2424,-0.8244,-2.5619,-1.3342,0
1.9716,1.1502,0.3478,-1.0477,-2.0144,-0.3003,0
-0.816,-2.6046,1.3078,0.1232,0.5635,1.197,1
2.7879,0.3939,1.425,-3.764,-1.835,3.1426,0
0.4001,3.5446,0.5235,-3.404,1.1405,2.7155,1
1.8306,-0.8577,1.2006,-1.627,-2.0359,1.1159,0
-0.1181,1.9834,0.9095,-3.9359,1.0068,3.6498,0
-6.0925,-3.9564,1.1856,3.5484,2.2435,-2.247,1
-3.4928,-2.3011,0.4202,3.3995,0.6576,-3.0853,1
-0.553,0.0163,-0.0483,1.2412,1.3071,-0.4242,1
0.537,-1.3429,1.1042,0.1238,0.4488,1.0465,1
-0.3461,2.0362,0.8765,-2.2011,0.4629,1.4311,0
0.8102,2.0637,1.6648,-2.4507,-0.6161,1.2755,0
-0.9985,0.7902,-1.8025,-1.6518,-0.8301,0.2261,1
2.2712,-0.6902,-0.6611,-2.4137,-2.7277,1.4425,0
-0.6726,0.62,0.6972,-1.9676,3.1145,3.7653,1
4.0025,-0.0953,-0.9354,1.2043,-4.6044,-3.1327,0
-0.2946,-0.5428,-0.3828,-1.881,-1.2194,1.0322,0
1.2316,1.0653,0.4565,-0.1613,-1.5665,-1.0637,0
2.708,-0.0252,-0.0021,-0.995,-2.3486,0.2136,0
-2.9903,-2.8171,-0.4855,3.039,0.9355,-2.0915,1
-1.4917,1.7161,-0.776,-2.0231,-2.082,-0.9875,1
-1.1501,-1.5504,-0.5004,-1.6532,-0.5217,1.4816,1
-1.0972,-2.0161,0.7411,0.3882,2.1169,1.7536,1
0.4547,3.8942,1.1651,-4.0205,1.0009,3.0689,1
-1.3581,0.769,0.1333,0.0402,-1.6691,-2.1937,1
0.8197,-1.0915,0.6215,-1.7666,-1.2593,1.5686,0
2.4908,0.9137,-0.1818,-1.4858,-2.2781,0.2313,0
0.8392,0.7369,-0.241,-1.54,2.7936,3.6272,1
-1.9933,-1.394,0.4462,1.4917,1.4522,-0.4601,1
1.6742,-0.7763,0.2743,-3.0709,-3.2716,1.4761,0
-1.2327,-1.8881,0.377,3.1715,-1.2957,-3.6878,1
1.6075,-1.5562,-0.083,-0.6223,-0.8754,1.264,0
-1.2657,-1.5641,1.2252,2.6035,0.0296,-2.2785,1
-2.99,-1.874,-0.9411,1.917,1.6982,-0.8463,1
-1.0936,-0.9889,-0.0164,3.7881,-1.1773,-4.5573,1
0.4312,0.6503,-0.2226,-2.1843,0.2217,2.1637,0
0.2372,1.801,-0.9811,0.1611,-1.0602,-1.7076,0
-0.9907,1.0444,0.6002,-1.2831,-0.9898,-0.3694,1
2.2868,-0.9123,0.4652,-1.6931,-1.0586,2.1303,0
-3.8629,-2.3032,-0.4777,2.617,1.537,-1.7887,1
0.1686,-0.1642,-0.5087,-2.3619,0.8294,3.0769,0
1.3429,-1.2787,0.4969,-0.9125,-0.6907,1.4597,0
1.025,-1.3048,-1.4406,-2.1144,-1.6869,1.7556,0
0.7805,1.0618,0.1795,-1.3695,-0.6475,0.6475,0
1.4777,0.7423,-0.8429,-1.6581,-1.1396,0.9642,0
-0.3655,3.6764,0.0219,-4.9148,-0.3419,2.695,1
-1.3544,0.9752,0.7612,-0.2492,-1.6743,-2.0092,1
-2.0071,-1.9448,0.2806,0.5108,2.2697,1.3706,1
0.4897,-1.1788,0.0579,-0.8355,-0.8267,0.9078,0
2.2052,0.9092,-0.4933,-1.3361,-2.0328,0.1666,0
2.2835,-1.2346,0.7097,-1.2792,-2.5511,0.7281,1
0.3584,-0.5488,0.5592,2.1896,-0.7399,-2.3113,1
-0.7691,-2.056,-1.3278,-0.3298,2.5852,2.9563,1
0.5634,0.8786,-0.6612,1.2893,-1.4816,-2.5812,0
1.4401,0.9672,0.1497,-2.6737,-0.7642,2.1239,0
1.6908,-0.2356,-0.3607,0.6152,-1.9375,-1.3315,1
-1.1777,-1.9931,-1.0844,1.984,0.2719,-1.2584,1
2.557,1.0772,-0.5318,-1.2951,-2.4592,-0.1432,0
0.9799,2.2664,-0.0011,-2.3624,-0.8966,0.946,0
1.2134,1.5515,0.372,-1.5419,-1.2649,0.282,0
3.132,-0.3724,-0.4041,-2.6607,-1.8174,2.5654,0
-1.148,0.7928,0.2493,-0.2453,-0.8381,-1.2081,1
0.7731,-0.5464,1.6251,-1.7448,-0.5266,1.8417,0
2.2645,-1.6141,-0.8608,0.1714,-1.6298,0.1898,0
-2.0605,-2.1238,1.613,2.0982,1.691,-0.5579,1
2.7876,-0.4797,1.9382,-2.7301,-2.6566,1.9062,0
-1.3599,2.95,-0.0985,-4.5617,-2.5376,0.6184,1
1.6108,-0.3711,0.7682,-1.5112,-1.3075,1.2547,0
0.2016,-0.1859,-1.5856,-1.2244,0.368,1.6375,0
1.0185,0.8563,-0.5762,-1.5367,-0.7792,0.8946,0
1.7943,2.5559,-0.652,-1.2794,-2.1776,-0.9136,0
-1.6874,0.3653,0.8425,-0.8156,-2.55,-1.9771,1
-1.1082,-0.7828,-0.8945,1.238,1.2182,-0.3348,0
2.3823,-0.2184,0.2721,-2.1847,-1.6949,1.8382,0
2.0555,-0.7583,-0.8502,-0.9755,-0.7314,1.5233,0
0.2392,2.775,0.2913,-3.0494,0.063,1.8348,0
-0.2832,-2.0876,-0.9113,0.3359,0.8239,1.1562,1
2.7973,-0.6416,-0.6517,0.2723,-2.7797,-1.0342,0
0.4499,-1.3857,-0.3497,-1.2997,-1.1382,1.2005,0
-0.1901,-2.5282,0.3821,0.7845,0.5328,0.7337,1
0.8609,-2.2137,-0.8125,0.6477,-1.3592,-0.328,0
0.989,2.3759,-0.3487,-1.2702,-1.4307,-0.5745,0
0.9597,-0.5823,0.9879,-2.3463,-1.8719,1.4825,0
2.2008,-0.2478,1.1389,-2.6397,-1.3335,2.5029,0
-1.4927,-0.4853,0.264,2.0856,-0.9998,-3.1471,1
3.4246,-1.6652,1.8485,-0.3995,-3.1368,0.0562,0
3.5684,-1.26,0.3131,-0.8561,-2.3271,0.9914,0
0.7627,-1.0498,1.0775,-0.1683,-0.364,0.6585,1
-4.7587,-1.5555,1.0799,1.5961,3.1915,-0.2104,1
-1.369,1.972,0.5554,-1.5716,-0.8454,-0.5484,1
-0.2095,2.9833,-0.8242,-3.3611,0.1882,1.9672,1
-0.5619,2.3457,0.4764,-3.1938,-0.3111,1.5789,1
-0.9175,0.5395,0.3216,-0.8771,0.2234,0.4267,1
1.7121,0.2799,1.1226,1.3287,-2.5439,-2.7206,0
1.069,-2.2636,-0.62,0.4339,-0.7527,0.4485,0
-0.7122,0.0956,0.1013,-0.4818,4.6048,3.6884,1
2.4513,-0.3994,-0.8536,-0.9551,-2.025,0.4969,0
0.2714,1.6403,0.9047,-1.3646,-0.3528,0.4084,0
0.0673,-2.1428,-1.973,-0.3042,1.668,2.5871,1
2.0583,0.6914,0.0772,-1.9465,-1.5961,1.1401,0
2.2092,-0.9833,-0.6736,0.0243,-0.1883,1.1289,1
0.4423,-0.513,-2.106,0.3823,0.1661,0.1602,1
2.5671,-0.4501,1.0656,-0.3829,-2.3188,-0.2183,0
2.1254,-0.359,-0.5498,-0.5859,-1.8516,0.1273,0
-3.4372,-1.1566,0.3938,1.5885,2.7021,-0.2563,1
-2.6928,-0.0989,0.8695,2.4361,1.3548,-2.3172,1
0.3364,3.6069,0.8154,-2.3763,-0.6126,0.3156,0
-3.1944,-1.075,-0.4324,1.566,2.9484,0.0102,1
-1.0244,1.2293,1.7362,-2.0039,-0.2219,0.8243,1
1.2604,-1.9432,-0.6975,0.3395,0.5985,1.504,1
-3.3257,-0.243,1.3624,2.9033,-4.6803,-7.582,1
2.6073,-0.0024,-0.1078,0.9533,-3.1301,-2.3328,0
2.2152,-0.412,-1.5247,-0.9608,-1.7414,0.6357,0
-0.0096,-1.339,0.3371,-0.7569,-0.4034,1.0389,0
2.0033,1.0908,-0.6849,-1.5076,-1.8293,0.3292,0
-1.1673,-2.6001,-1.6106,2.9856,-0.1164,-2.2491,1
-1.5093,-0.6532,-0.7445,4.0944,-0.2322,-4.4432,1
0.7246,1.6355,-1.0713,-0.3502,-1.2426,-1.0871,0
3.5419,-1.3799,0.3781,-0.7931,-2.7516,0.649,0
2.0366,-1.7023,-0.4744,-0.4767,-1.1896,1.1123,1
0.4347,-1.8413,1.8184,-0.9312,-1.5055,0.7631,0
1.5559,-1.721,0.4642,-0.9799,-2.1596,0.6822,0
-0.8003,0.2853,0.0603,-0.4327,-1.4244,-1.1095,1
-1.8508,0.7762,-0.7228,-2.8297,-1.8277,0.2877,1
2.0917,-1.0092,-0.3253,-1.9395,-2.6705,1.1026,0
1.5857,2.1609,1.2278,-1.7844,-1.6619,0.0758,0
-2.4505,-2.9038,-1.427,2.4588,1.136,-1.126,1
-0.8255,-1.7912,-0.9367,-0.3902,-0.2497,0.6952,0
-2.1025,1.7924,0.9895,1.7296,-2.05,-4.8865,1
-1.1995,-0.2293,0.8376,0.1861,2.0713,1.0553,1
2.2913,0.2263,0.6115,-3.4958,-1.798,2.7968,0
-1.427,-1.9307,0.5563,2.4224,0.6017,-1.5562,1
1.1071,2.0719,-0.0274,-3.2805,-0.4495,2.3215,0
2.8776,0.2912,0.9331,-2.6113,-0.8149,2.8848,0
0.6535,-1.9953,0.3502,-0.1627,-1.9662,-0.1845,0
1.1051,0.0234,-0.1278,-2.1879,0.49,2.9191,0
-1.3117,-1.0783,-1.341,-0.5867,2.2367,2.2822,1
-0.1247,1.245,0.0322,-1.0169,0.0299,0.3937,0
1.7086,-1.1937,0.6484,0.131,-1.5053,-0.0811,0
-0.0142,1.1597,-1.6443,-3.2191,0.8741,3.268,0
1.1423,1.8415,0.1294,-1.0899,-1.4215,-0.4389,0
1.6361,-0.9162,-0.7036,-2.9959,-2.1858,2.2863,0
1.1546,0.7697,0.4902,-2.0467,-0.6211,1.6046,0
2.0328,-0.6963,-0.977,-1.4468,-0.8281,1.871,0
1.9001,-1.5817,0.1344,0.0736,-0.6457,0.8863,0
-1.832,-0.1749,-0.5713,0.7253,4.0183,1.7582,1
-0.4094,3.3417,-0.8283,-3.6626,-0.5325,1.4662,1
-0.1531,1.4386,0.1296,-0.0283,-0.4144,-1.0101,0
-0.7699,-0.3909,-0.7075,-0.3645,3.3324,2.7986,1
2.257,0.9845,0.1238,-0.2091,-2.6171,-1.3943,0
-1.1799,2.0873,0.4508,-1.4967,-1.4895,-1.0965,1
0.2016,2.0101,-0.1864,-0.704,-0.6883,-0.6891,0
2.509,-0.1251,0.3558,0.6242,-2.8258,-1.7599,0
-1.3296,1.5557,1.2136,-0.3122,-0.9631,-1.6589,1
-1.5531,-1.4904,1.6276,0.5222,-1.7595,-1.7691,1
-0.631,1.6038,1.7186,-2.0432,-0.0149,1.0001,1
-1.7281,-1.5177,-0.844,1.3437,0.1406,-1.1647,1
1.4087,-1.5253,-0.9229,-1.5623,-1.7885,1.388,0
2.3426,0.0162,-0.2903,-0.3706,-2.3094,-0.5232,0
2.0537,-0.5212,-0.0103,-1.8264,-2.0067,1.2633,0
0.3626,-2.1501,-0.9152,-0.0886,-0.1532,1.0953,0
2.1738,-0.1158,0.7782,0.8611,-2.6193,-1.9646,0
-0.7234,3.0614,-0.0868,-4.3485,-0.7552,1.9718,1
0.8495,-1.2326,1.7559,-0.0282,0.0689,0.9718,0
1.2131,-1.2757,1.3659,-1.5176,-1.8212,1.1299,0
0.1506,-1.0092,-0.956,-0.7591,-0.3888,0.962,0
2.4771,-0.1448,-0.9149,-1.1666,-2.0645,0.5655,0
-0.8181,-0.8734,-0.1046,-0.664,1.1171,1.5926,1
-0.556,-1.5127,-1.0914,-0.3656,0.2693,1.0449,0
1.8678,-0.6487,0.5775,-1.5606,-1.1039,1.6851,0
-0.0328,2.3127,-0.4989,-2.802,0.3169,1.8971,0
-0.8289,2.3775,-1.5259,-2.2919,-0.6011,0.361,1
1.5409,1.5866,0.2563,-0.8893,-1.8296,-0.6779,0
1.3682,1.4079,-0.0155,-2.0098,-1.1311,0.9656,0
-0.9872,-1.5139,0.4317,1.4195,0.3576,-0.7901,1
1.9523,-1.8721,-0.8343,1.1651,-1.5678,-0.7312,0
0.2372,1.8875,-0.0415,-3.2003,0.3812,2.633,0
2.5624,0.8883,1.6603,-2.4843,-1.8883,1.5421,0
-0.7383,1.2386,-0.8507,-0.9952,0.7275,0.6762,1
2.7705,-0.5561,0.3301,-1.8916,-1.4309,2.0592,0
-2.7635,-2.6638,1.3949,3.2669,-0.5504,-3.4379,1
-2.7911,0.6551,0.688,1.6257,2.388,-1.1188,1
-2.0198,1.6253,1.6236,-0.6304,-3.9009,-3.9007,1
-1.4431,1.3772,1.0542,-0.7217,-1.8135,-1.8745,1
0.4149,-0.3047,0.441,1.1657,0.4073,-0.5238,1
2.088,0.8241,2.052,0.9092,-2.8459,-2.65,0
0.6053,-1.4962,-2.2672,-1.4277,-1.4076,1.2287,0
3.5872,-0.8914,-1.2445,-0.1727,-2.3468,0.1486,0
3.0474,-0.5462,-1.8495,-0.9391,-2.5398,0.3816,0
1.4605,-0.3847,-0.689,-1.7528,-0.1621,2.3182,0
1.5932,1.5117,-0.3938,-0.3408,-2.0688,-1.3413,0
2.0024,0.8946,-0.4731,0.3522,-2.5428,-1.9401,0
-1.1605,1.1937,-0.5457,-1.2666,-0.2799,0.0261,1
1.7062,1.292,-1.2251,0.0088,-2.3052,-1.7191,0
-1.7827,0.8099,0.1353,-1.2942,-1.9705,-1.3069,1
1.9199,-0.0586,-0.3905,-0.2146,-1.883,-0.4751,0
-3.9534,-3.5179,0.9275,3.0916,-0.0751,-2.9651,1
-1.3608,1.8757,0.7134,1.1754,-1.6014,-3.7567,1
-0.0697,0.1634,-0.3908,-3.0215,5.4618,7.0344,1
-1.1528,-3.0528,1.0573,1.6478,0.655,-0.1405,1
1.7757,0.9785,-0.878,-1.4597,-1.5913,0.4297,0
-1.3755,-0.1045,-0.931,1.248,1.8838,-0.2474,1
0.2969,1.2386,2.468,-1.7851,-0.0383,1.2536,0
1.1652,1.4468,1.0883,-1.5223,-1.1589,0.374,0
1.8668,-0.1159,0.4639,-0.7792,-1.5992,0.2986,0
-1.9214,0.9627,1.8704,-0.3679,-2.3065,-2.5902,1
-0.7871,0.4243,-0.0904,-1.941,0.8763,2.0669,1
-1.3138,1.02,-0.476,-0.9438,-1.2085,-0.98,1
0.5208,-1.2233,0.6301,0.1145,-0.1009,0.5723,0
0.5067,1.8337,1.5526,-1.0039,-0.7849,-0.2735,0
0.8796,1.465,0.1015,-1.4738,-0.8742,0.4276,0
-1.7309,0.6155,-0.5364,1.1169,-1.9167,-3.5045,1
1.1561,0.626,2.1712,-0.2249,-1.3388,-0.6541,0
-2.3092,-1.1601,-0.8644,1.6318,-3.2007,-4.3974,1
-0.2893,1.6027,2.3124,-1.5656,0.359,0.9533,0
-0.2851,0.4572,-0.6522,0.0715,2.8264,1.7814,1
-0.6295,1.9725,-0.3792,-2.7271,1.037,2.305,0
-1.1649,-1.9725,1.7779,1.2261,0.477,-0.3674,1
2.2917,-1.0162,-0.0569,-1.9103,-1.8457,1.7871,0
-1.1889,1.3768,-0.4779,-1.9661,-2.3704,-0.9927,1
-0.6381,1.6494,-1.7795,-3.7492,-0.6193,2.1738,1
1.7677,0.8693,1.0072,0.1125,-2.1991,-1.5209,0
-0.7507,0.5833,1.2504,-0.8791,0.0997,0.3775,1
-1.3942,-2.4688,-1.7797,2.9916,0.5671,-1.8773,1
-0.7383,1.6733,-0.4656,-1.5865,0.4991,0.877,1
1.853,-1.1307,0.4509,-0.5718,-1.6216,0.5404,0
1.5059,-0.6711,0.4348,-1.2802,-0.8239,1.4987,0
3.2063,-1.0068,-0.6214,-0.4318,-2.035,0.5476,0
-1.133,-0.9278,0.0628,2.0921,0.8699,-1.3768,1
-2.8284,-2.3509,-0.257,3.0814,0.5413,-2.5876,1
0.5847,-2.2947,-0.1317,2.1937,-1.7216,-2.1803,1
-2.4739,-1.3754,1.501,1.688,0.557,-1.5311,1
2.8462,0.5681,0.5302,-2.7875,-1.5257,2.3714,0
2.6146,-0.9307,-0.3271,-2.0241,-2.0528,1.8232,0
-0.6452,-0.6624,0.3971,1.5074,0.4896,-1.0346,1
0.5755,-1.3134,-0.1587,-2.4364,-1.3786,2.1378,0
1.3268,1.3651,0.7987,-0.3977,-1.7155,-1.0492,0
-1.0277,2.2888,-0.1921,-4.315,1.976,4.2746,0
0.5279,-1.9214,-0.1637,-0.6956,-1.1727,0.8618,0
-0.1302,4.2765,1.2548,-1.6696,0.7321,0.1737,0
1.3102,1.0182,0.2215,0.9115,-2.117,-2.4795,0
-0.1635,-0.8395,0.7954,1.7185,0.5074,-0.9609,1
3.1582,-0.928,0.1135,-0.4715,-1.6117,0.8566,0
-0.6201,2.6071,-0.9918,-2.3225,0.6161,1.2998,0
1.0714,1.4821,-0.4276,-0.3281,-1.5396,-1.1335,0
-1.3176,1.2714,-0.1938,-1.1959,-0.2743,-0.1343,1
0.5302,-1.8989,-0.0672,0.9698,-1.8596,-1.297,1
3.3795,-0.7908,0.6562,-1.4629,-2.6699,1.0313,0
2.8425,-0.3744,-1.8138,-3.276,-3.127,2.0492,0
2.2191,-1.0537,0.8611,-1.1661,-1.068,1.6489,0
1.4387,-1.2629,-0.2721,-1.0938,-1.4311,1.0971,0
1.4321,-1.3204,-0.6583,-0.3775,-1.8653,0.0901,1
-2.4425,-1.9761,0.3979,1.8472,1.5262,-0.6539,1
2.6807,-0.4431,-1.3375,-0.9214,-2.2121,0.4283,0
-1.2593,2.4614,-1.0519,-2.765,-1.2492,0.1209,1
-1.2604,1.8954,-1.0801,-2.6047,-1.387,0.1186,1
-3.8725,-2.0539,-1.2261,1.1564,2.3323,0.1262,1
1.9019,0.1316,0.4689,0.0937,-2.1317,-1.0607,0
-0.413,2.2492,0.2396,-3.443,1.0082,2.9359,0
-0.3174,3.6107,1.5043,-2.7343,-0.4898,0.5066,1
-2.142,-2.0262,0.1932,2.7042,1.2517,-1.5613,1
-2.4,0.7058,-0.9379,0.6069,-3.6871,-4.6647,1
-1.2616,3.2246,-0.2698,-3.3474,-2.0021,-0.2414,1
-0.1065,3.3643,-1.3161,-3.1592,1.173,2.3909,1
-0.3284,0.9445,0.5622,-0.2496,0.018,-0.3027,0
0.6487,-1.3626,-0.7056,-1.7211,-2.1407,0.9067,0
0.321,1.278,-0.8492,-0.0295,-0.8665,-1.1009,0
0.6746,0.8091,2.3598,0.3919,-1.1554,-1.3824,0
0.3228,-2.2532,0.0702,-1.087,1.0298,3.0079,1
-1.633,1.3443,-0.615,-1.2381,-2.6237,-2.0512,1
0.5366,-0.9421,-1.4205,1.0201,0.8441,0.2928,1
1.2722,0.2148,-0.442,0.5338,0.1977,0.0202,1
0.0025,-1.1117,-0.0324,1.3516,-0.1538,-0.9227,1
0.954,2.1345,0.0677,-2.8592,-0.5606,1.7385,0
0.7895,-1.6849,-0.8915,-0.1677,-1.242,0.2859,0
